1,0,1,0.001
1,0.001,0.999998,0.002
0.999998,0.002,0.999997,0.003
0.999997,0.003,0.999995,0.004
0.999995,0.004,0.999992,0.005
0.999992,0.005,0.999989,0.00600001
0.999989,0.00600001,0.999986,0.00700002
0.999986,0.00700002,0.999982,0.00800003
0.999982,0.00800003,0.999977,0.00900004
0.999977,0.00900004,0.999972,0.0100001
0.999972,0.0100001,0.999967,0.0110001
0.999967,0.0110001,0.999961,0.0120001
0.999961,0.0120001,0.999954,0.0130001
0.999954,0.0130001,0.999947,0.0140002
0.999947,0.0140002,0.99994,0.0150002
0.99994,0.0150002,0.999932,0.0160003
0.999932,0.0160003,0.999923,0.0170003
0.999923,0.0170003,0.999914,0.0180004
0.999914,0.0180004,0.999905,0.0190005
0.999905,0.0190005,0.999895,0.0200006
0.999895,0.0200006,0.999884,0.0210007
0.999884,0.0210007,0.999873,0.0220008
0.999873,0.0220008,0.999862,0.0230009
0.999862,0.0230009,0.99985,0.024001
0.99985,0.024001,0.999837,0.0250011
0.999837,0.0250011,0.999824,0.0260013
0.999824,0.0260013,0.999811,0.0270015
0.999811,0.0270015,0.999797,0.0280016
0.999797,0.0280016,0.999782,0.0290018
0.999782,0.0290018,0.999767,0.030002
0.999767,0.030002,0.999752,0.0310022
0.999752,0.0310022,0.999736,0.0320025
0.999736,0.0320025,0.999719,0.0330027
0.999719,0.0330027,0.999702,0.034003
0.999702,0.034003,0.999685,0.0350033
0.999685,0.0350033,0.999667,0.0360036
0.999667,0.0360036,0.999648,0.0370039
0.999648,0.0370039,0.999629,0.0380042
0.999629,0.0380042,0.99961,0.0390046
0.99961,0.0390046,0.99959,0.0400049
0.99959,0.0400049,0.999569,0.0410053
0.999569,0.0410053,0.999548,0.0420057
0.999548,0.0420057,0.999527,0.0430062
0.999527,0.0430062,0.999505,0.0440066
0.999505,0.0440066,0.999482,0.0450071
0.999482,0.0450071,0.999459,0.0460076
0.999459,0.0460076,0.999436,0.0470081
0.999436,0.0470081,0.999412,0.0480086
0.999412,0.0480086,0.999387,0.0490092
0.999387,0.0490092,0.999362,0.0500098
0.999362,0.0500098,0.999337,0.0510104
0.999337,0.0510104,0.999311,0.052011
0.999311,0.052011,0.999284,0.0530117
0.999284,0.0530117,0.999257,0.0540124
0.999257,0.0540124,0.99923,0.0550131
0.99923,0.0550131,0.999202,0.0560139
0.999202,0.0560139,0.999173,0.0570146
0.999173,0.0570146,0.999144,0.0580154
0.999144,0.0580154,0.999114,0.0590162
0.999114,0.0590162,0.999084,0.0600171
0.999084,0.0600171,0.999054,0.061018
0.999054,0.061018,0.999023,0.0620189
0.999023,0.0620189,0.998991,0.0630199
0.998991,0.0630199,0.998959,0.0640208
0.998959,0.0640208,0.998927,0.0650218
0.998927,0.0650218,0.998894,0.0660229
0.998894,0.0660229,0.99886,0.067024
0.99886,0.067024,0.998826,0.0680251
0.998826,0.0680251,0.998792,0.0690262
0.998792,0.0690262,0.998756,0.0700274
0.998756,0.0700274,0.998721,0.0710286
0.998721,0.0710286,0.998685,0.0720298
0.998685,0.0720298,0.998648,0.0730311
0.998648,0.0730311,0.998611,0.0740324
0.998611,0.0740324,0.998574,0.0750338
0.998574,0.0750338,0.998536,0.0760352
0.998536,0.0760352,0.998497,0.0770366
0.998497,0.0770366,0.998458,0.078038
0.998458,0.078038,0.998418,0.0790395
0.998418,0.0790395,0.998378,0.0800411
0.998378,0.0800411,0.998338,0.0810427
0.998338,0.0810427,0.998297,0.0820443
0.998297,0.0820443,0.998255,0.083046
0.998255,0.083046,0.998213,0.0840477
0.998213,0.0840477,0.99817,0.0850494
0.99817,0.0850494,0.998127,0.0860512
0.998127,0.0860512,0.998084,0.087053
0.998084,0.087053,0.998039,0.0880549
0.998039,0.0880549,0.997995,0.0890568
0.997995,0.0890568,0.99795,0.0900588
0.99795,0.0900588,0.997904,0.0910608
0.997904,0.0910608,0.997858,0.0920628
0.997858,0.0920628,0.997811,0.0930649
0.997811,0.0930649,0.997764,0.0940671
0.997764,0.0940671,0.997717,0.0950692
0.997717,0.0950692,0.997668,0.0960715
0.997668,0.0960715,0.99762,0.0970738
0.99762,0.0970738,0.997571,0.0980761
0.997571,0.0980761,0.997521,0.0990785
0.997521,0.0990785,0.997471,0.100081
0.997471,0.100081,0.99742,0.101083
0.99742,0.101083,0.997369,0.102086
0.997369,0.102086,0.997317,0.103088
0.997317,0.103088,0.997265,0.104091
0.997265,0.104091,0.997212,0.105094
0.997212,0.105094,0.997159,0.106097
0.997159,0.106097,0.997106,0.107099
0.997106,0.107099,0.997051,0.108102
0.997051,0.108102,0.996997,0.109105
0.996997,0.109105,0.996941,0.110108
0.996941,0.110108,0.996886,0.111111
0.996886,0.111111,0.996829,0.112114
0.996829,0.112114,0.996773,0.113117
0.996773,0.113117,0.996715,0.11412
0.996715,0.11412,0.996658,0.115124
0.996658,0.115124,0.996599,0.116127
0.996599,0.116127,0.996541,0.11713
0.996541,0.11713,0.996481,0.118134
0.996481,0.118134,0.996422,0.119137
0.996422,0.119137,0.996361,0.120141
0.996361,0.120141,0.996301,0.121144
0.996301,0.121144,0.996239,0.122148
0.996239,0.122148,0.996177,0.123152
0.996177,0.123152,0.996115,0.124155
0.996115,0.124155,0.996052,0.125159
0.996052,0.125159,0.995989,0.126163
0.995989,0.126163,0.995925,0.127167
0.995925,0.127167,0.995861,0.128171
0.995861,0.128171,0.995796,0.129175
0.995796,0.129175,0.995731,0.130179
0.995731,0.130179,0.995665,0.131183
0.995665,0.131183,0.995598,0.132188
0.995598,0.132188,0.995531,0.133192
0.995531,0.133192,0.995464,0.134196
0.995464,0.134196,0.995396,0.135201
0.995396,0.135201,0.995328,0.136205
0.995328,0.136205,0.995259,0.13721
0.995259,0.13721,0.995189,0.138215
0.995189,0.138215,0.995119,0.139219
0.995119,0.139219,0.995049,0.140224
0.995049,0.140224,0.994978,0.141229
0.994978,0.141229,0.994906,0.142234
0.994906,0.142234,0.994834,0.143239
0.994834,0.143239,0.994762,0.144244
0.994762,0.144244,0.994689,0.145249
0.994689,0.145249,0.994615,0.146255
0.994615,0.146255,0.994541,0.14726
0.994541,0.14726,0.994467,0.148265
0.994467,0.148265,0.994392,0.149271
0.994392,0.149271,0.994316,0.150276
0.994316,0.150276,0.99424,0.151282
0.99424,0.151282,0.994164,0.152288
0.994164,0.152288,0.994087,0.153293
0.994087,0.153293,0.994009,0.154299
0.994009,0.154299,0.993931,0.155305
0.993931,0.155305,0.993852,0.156311
0.993852,0.156311,0.993773,0.157317
0.993773,0.157317,0.993693,0.158323
0.993693,0.158323,0.993613,0.159329
0.993613,0.159329,0.993533,0.160336
0.993533,0.160336,0.993451,0.161342
0.993451,0.161342,0.99337,0.162349
0.99337,0.162349,0.993287,0.163355
0.993287,0.163355,0.993205,0.164362
0.993205,0.164362,0.993121,0.165368
0.993121,0.165368,0.993038,0.166375
0.993038,0.166375,0.992953,0.167382
0.992953,0.167382,0.992869,0.168389
0.992869,0.168389,0.992783,0.169396
0.992783,0.169396,0.992697,0.170403
0.992697,0.170403,0.992611,0.171411
0.992611,0.171411,0.992524,0.172418
0.992524,0.172418,0.992437,0.173425
0.992437,0.173425,0.992349,0.174433
0.992349,0.174433,0.992261,0.17544
0.992261,0.17544,0.992172,0.176448
0.992172,0.176448,0.992082,0.177456
0.992082,0.177456,0.991992,0.178463
0.991992,0.178463,0.991902,0.179471
0.991902,0.179471,0.991811,0.180479
0.991811,0.180479,0.991719,0.181487
0.991719,0.181487,0.991627,0.182496
0.991627,0.182496,0.991535,0.183504
0.991535,0.183504,0.991442,0.184512
0.991442,0.184512,0.991348,0.185521
0.991348,0.185521,0.991254,0.186529
0.991254,0.186529,0.99116,0.187538
0.99116,0.187538,0.991065,0.188547
0.991065,0.188547,0.990969,0.189556
0.990969,0.189556,0.990873,0.190565
0.990873,0.190565,0.990776,0.191574
0.990776,0.191574,0.990679,0.192583
0.990679,0.192583,0.990581,0.193592
0.990581,0.193592,0.990483,0.194601
0.990483,0.194601,0.990384,0.195611
0.990384,0.195611,0.990285,0.19662
0.990285,0.19662,0.990185,0.19763
0.990185,0.19763,0.990085,0.198639
0.990085,0.198639,0.989984,0.199649
0.989984,0.199649,0.989883,0.200659
0.989883,0.200659,0.989781,0.201669
0.989781,0.201669,0.989679,0.202679
0.989679,0.202679,0.989576,0.20369
0.989576,0.20369,0.989472,0.2047
0.989472,0.2047,0.989368,0.20571
0.989368,0.20571,0.989264,0.206721
0.989264,0.206721,0.989159,0.207731
0.989159,0.207731,0.989053,0.208742
0.989053,0.208742,0.988947,0.209753
0.988947,0.209753,0.988841,0.210764
0.988841,0.210764,0.988734,0.211775
0.988734,0.211775,0.988626,0.212786
0.988626,0.212786,0.988518,0.213797
0.988518,0.213797,0.988409,0.214809
0.988409,0.214809,0.9883,0.21582
0.9883,0.21582,0.988191,0.216832
0.988191,0.216832,0.98808,0.217844
0.98808,0.217844,0.98797,0.218855
0.98797,0.218855,0.987858,0.219867
0.987858,0.219867,0.987747,0.220879
0.987747,0.220879,0.987634,0.221891
0.987634,0.221891,0.987521,0.222904
0.987521,0.222904,0.987408,0.223916
0.987408,0.223916,0.987294,0.224929
0.987294,0.224929,0.98718,0.225941
0.98718,0.225941,0.987065,0.226954
0.987065,0.226954,0.986949,0.227967
0.986949,0.227967,0.986833,0.22898
0.986833,0.22898,0.986717,0.229993
0.986717,0.229993,0.9866,0.231006
0.9866,0.231006,0.986482,0.232019
0.986482,0.232019,0.986364,0.233032
0.986364,0.233032,0.986246,0.234046
0.986246,0.234046,0.986126,0.23506
0.986126,0.23506,0.986007,0.236073
0.986007,0.236073,0.985887,0.237087
0.985887,0.237087,0.985766,0.238101
0.985766,0.238101,0.985645,0.239115
0.985645,0.239115,0.985523,0.24013
0.985523,0.24013,0.9854,0.241144
0.9854,0.241144,0.985278,0.242158
0.985278,0.242158,0.985154,0.243173
0.985154,0.243173,0.98503,0.244188
0.98503,0.244188,0.984906,0.245203
0.984906,0.245203,0.984781,0.246218
0.984781,0.246218,0.984655,0.247233
0.984655,0.247233,0.984529,0.248248
0.984529,0.248248,0.984403,0.249263
0.984403,0.249263,0.984276,0.250279
0.984276,0.250279,0.984148,0.251294
0.984148,0.251294,0.98402,0.25231
0.98402,0.25231,0.983891,0.253326
0.983891,0.253326,0.983762,0.254342
0.983762,0.254342,0.983632,0.255358
0.983632,0.255358,0.983502,0.256374
0.983502,0.256374,0.983371,0.257391
0.983371,0.257391,0.98324,0.258407
0.98324,0.258407,0.983108,0.259424
0.983108,0.259424,0.982975,0.26044
0.982975,0.26044,0.982843,0.261457
0.982843,0.261457,0.982709,0.262474
0.982709,0.262474,0.982575,0.263491
0.982575,0.263491,0.98244,0.264509
0.98244,0.264509,0.982305,0.265526
0.982305,0.265526,0.98217,0.266544
0.98217,0.266544,0.982034,0.267561
0.982034,0.267561,0.981897,0.268579
0.981897,0.268579,0.98176,0.269597
0.98176,0.269597,0.981622,0.270615
0.981622,0.270615,0.981484,0.271634
0.981484,0.271634,0.981345,0.272652
0.981345,0.272652,0.981205,0.27367
0.981205,0.27367,0.981065,0.274689
0.981065,0.274689,0.980925,0.275708
0.980925,0.275708,0.980784,0.276727
0.980784,0.276727,0.980642,0.277746
0.980642,0.277746,0.9805,0.278765
0.9805,0.278765,0.980358,0.279784
0.980358,0.279784,0.980214,0.280804
0.980214,0.280804,0.980071,0.281824
0.980071,0.281824,0.979927,0.282843
0.979927,0.282843,0.979782,0.283863
0.979782,0.283863,0.979636,0.284883
0.979636,0.284883,0.979491,0.285904
0.979491,0.285904,0.979344,0.286924
0.979344,0.286924,0.979197,0.287944
0.979197,0.287944,0.97905,0.288965
0.97905,0.288965,0.978902,0.289986
0.978902,0.289986,0.978753,0.291007
0.978753,0.291007,0.978604,0.292028
0.978604,0.292028,0.978454,0.293049
0.978454,0.293049,0.978304,0.294071
0.978304,0.294071,0.978153,0.295092
0.978153,0.295092,0.978002,0.296114
0.978002,0.296114,0.97785,0.297136
0.97785,0.297136,0.977698,0.298158
0.977698,0.298158,0.977545,0.29918
0.977545,0.29918,0.977391,0.300202
0.977391,0.300202,0.977237,0.301225
0.977237,0.301225,0.977083,0.302247
0.977083,0.302247,0.976928,0.30327
0.976928,0.30327,0.976772,0.304293
0.976772,0.304293,0.976616,0.305316
0.976616,0.305316,0.976459,0.306339
0.976459,0.306339,0.976302,0.307362
0.976302,0.307362,0.976144,0.308386
0.976144,0.308386,0.975986,0.30941
0.975986,0.30941,0.975827,0.310434
0.975827,0.310434,0.975667,0.311458
0.975667,0.311458,0.975507,0.312482
0.975507,0.312482,0.975346,0.313506
0.975346,0.313506,0.975185,0.314531
0.975185,0.314531,0.975024,0.315555
0.975024,0.315555,0.974861,0.31658
0.974861,0.31658,0.974699,0.317605
0.974699,0.317605,0.974535,0.31863
0.974535,0.31863,0.974371,0.319655
0.974371,0.319655,0.974207,0.320681
0.974207,0.320681,0.974042,0.321706
0.974042,0.321706,0.973876,0.322732
0.973876,0.322732,0.97371,0.323758
0.97371,0.323758,0.973544,0.324784
0.973544,0.324784,0.973376,0.325811
0.973376,0.325811,0.973209,0.326837
0.973209,0.326837,0.97304,0.327864
0.97304,0.327864,0.972871,0.32889
0.972871,0.32889,0.972702,0.329917
0.972702,0.329917,0.972532,0.330945
0.972532,0.330945,0.972361,0.331972
0.972361,0.331972,0.97219,0.332999
0.97219,0.332999,0.972019,0.334027
0.972019,0.334027,0.971846,0.335055
0.971846,0.335055,0.971674,0.336083
0.971674,0.336083,0.9715,0.337111
0.9715,0.337111,0.971326,0.338139
0.971326,0.338139,0.971152,0.339168
0.971152,0.339168,0.970977,0.340196
0.970977,0.340196,0.970801,0.341225
0.970801,0.341225,0.970625,0.342254
0.970625,0.342254,0.970448,0.343283
0.970448,0.343283,0.970271,0.344313
0.970271,0.344313,0.970093,0.345342
0.970093,0.345342,0.969915,0.346372
0.969915,0.346372,0.969736,0.347402
0.969736,0.347402,0.969557,0.348432
0.969557,0.348432,0.969377,0.349462
0.969377,0.349462,0.969196,0.350493
0.969196,0.350493,0.969015,0.351523
0.969015,0.351523,0.968833,0.352554
0.968833,0.352554,0.968651,0.353585
0.968651,0.353585,0.968468,0.354616
0.968468,0.354616,0.968284,0.355648
0.968284,0.355648,0.9681,0.356679
0.9681,0.356679,0.967916,0.357711
0.967916,0.357711,0.967731,0.358743
0.967731,0.358743,0.967545,0.359775
0.967545,0.359775,0.967359,0.360807
0.967359,0.360807,0.967172,0.36184
0.967172,0.36184,0.966985,0.362872
0.966985,0.362872,0.966797,0.363905
0.966797,0.363905,0.966608,0.364938
0.966608,0.364938,0.966419,0.365971
0.966419,0.365971,0.966229,0.367005
0.966229,0.367005,0.966039,0.368038
0.966039,0.368038,0.965848,0.369072
0.965848,0.369072,0.965657,0.370106
0.965657,0.370106,0.965465,0.37114
0.965465,0.37114,0.965272,0.372174
0.965272,0.372174,0.965079,0.373209
0.965079,0.373209,0.964886,0.374244
0.964886,0.374244,0.964691,0.375278
0.964691,0.375278,0.964497,0.376314
0.964497,0.376314,0.964301,0.377349
0.964301,0.377349,0.964105,0.378384
0.964105,0.378384,0.963909,0.37942
0.963909,0.37942,0.963712,0.380456
0.963712,0.380456,0.963514,0.381492
0.963514,0.381492,0.963316,0.382528
0.963316,0.382528,0.963117,0.383565
0.963117,0.383565,0.962917,0.384601
0.962917,0.384601,0.962718,0.385638
0.962718,0.385638,0.962517,0.386675
0.962517,0.386675,0.962316,0.387713
0.962316,0.387713,0.962114,0.38875
0.962114,0.38875,0.961912,0.389788
0.961912,0.389788,0.961709,0.390826
0.961709,0.390826,0.961506,0.391864
0.961506,0.391864,0.961302,0.392902
0.961302,0.392902,0.961097,0.393941
0.961097,0.393941,0.960892,0.394979
0.960892,0.394979,0.960686,0.396018
0.960686,0.396018,0.96048,0.397057
0.96048,0.397057,0.960273,0.398097
0.960273,0.398097,0.960065,0.399136
0.960065,0.399136,0.959857,0.400176
0.959857,0.400176,0.959648,0.401216
0.959648,0.401216,0.959439,0.402256
0.959439,0.402256,0.959229,0.403296
0.959229,0.403296,0.959019,0.404337
0.959019,0.404337,0.958808,0.405378
0.958808,0.405378,0.958596,0.406418
0.958596,0.406418,0.958384,0.40746
0.958384,0.40746,0.958171,0.408501
0.958171,0.408501,0.957958,0.409543
0.957958,0.409543,0.957744,0.410584
0.957744,0.410584,0.95753,0.411627
0.95753,0.411627,0.957315,0.412669
0.957315,0.412669,0.957099,0.413711
0.957099,0.413711,0.956883,0.414754
0.956883,0.414754,0.956666,0.415797
0.956666,0.415797,0.956448,0.41684
0.956448,0.41684,0.95623,0.417883
0.95623,0.417883,0.956012,0.418927
0.956012,0.418927,0.955792,0.41997
0.955792,0.41997,0.955573,0.421014
0.955573,0.421014,0.955352,0.422059
0.955352,0.422059,0.955131,0.423103
0.955131,0.423103,0.95491,0.424148
0.95491,0.424148,0.954687,0.425193
0.954687,0.425193,0.954465,0.426238
0.954465,0.426238,0.954241,0.427283
0.954241,0.427283,0.954017,0.428328
0.954017,0.428328,0.953793,0.429374
0.953793,0.429374,0.953567,0.43042
0.953567,0.43042,0.953342,0.431466
0.953342,0.431466,0.953115,0.432513
0.953115,0.432513,0.952888,0.433559
0.952888,0.433559,0.952661,0.434606
0.952661,0.434606,0.952433,0.435653
0.952433,0.435653,0.952204,0.436701
0.952204,0.436701,0.951975,0.437748
0.951975,0.437748,0.951745,0.438796
0.951745,0.438796,0.951514,0.439844
0.951514,0.439844,0.951283,0.440892
0.951283,0.440892,0.951051,0.441941
0.951051,0.441941,0.950819,0.44299
0.950819,0.44299,0.950586,0.444038
0.950586,0.444038,0.950352,0.445088
0.950352,0.445088,0.950118,0.446137
0.950118,0.446137,0.949883,0.447187
0.949883,0.447187,0.949648,0.448237
0.949648,0.448237,0.949412,0.449287
0.949412,0.449287,0.949176,0.450337
0.949176,0.450337,0.948938,0.451388
0.948938,0.451388,0.948701,0.452438
0.948701,0.452438,0.948462,0.453489
0.948462,0.453489,0.948223,0.454541
0.948223,0.454541,0.947984,0.455592
0.947984,0.455592,0.947743,0.456644
0.947743,0.456644,0.947503,0.457696
0.947503,0.457696,0.947261,0.458748
0.947261,0.458748,0.947019,0.459801
0.947019,0.459801,0.946777,0.460853
0.946777,0.460853,0.946533,0.461906
0.946533,0.461906,0.946289,0.46296
0.946289,0.46296,0.946045,0.464013
0.946045,0.464013,0.9458,0.465067
0.9458,0.465067,0.945554,0.466121
0.945554,0.466121,0.945308,0.467175
0.945308,0.467175,0.945061,0.468229
0.945061,0.468229,0.944813,0.469284
0.944813,0.469284,0.944565,0.470339
0.944565,0.470339,0.944316,0.471394
0.944316,0.471394,0.944067,0.472449
0.944067,0.472449,0.943817,0.473505
0.943817,0.473505,0.943566,0.474561
0.943566,0.474561,0.943315,0.475617
0.943315,0.475617,0.943063,0.476674
0.943063,0.476674,0.942811,0.47773
0.942811,0.47773,0.942558,0.478787
0.942558,0.478787,0.942304,0.479844
0.942304,0.479844,0.94205,0.480902
0.94205,0.480902,0.941795,0.481959
0.941795,0.481959,0.941539,0.483017
0.941539,0.483017,0.941283,0.484076
0.941283,0.484076,0.941026,0.485134
0.941026,0.485134,0.940769,0.486193
0.940769,0.486193,0.940511,0.487252
0.940511,0.487252,0.940252,0.488311
0.940252,0.488311,0.939993,0.48937
0.939993,0.48937,0.939733,0.49043
0.939733,0.49043,0.939472,0.49149
0.939472,0.49149,0.939211,0.49255
0.939211,0.49255,0.938949,0.493611
0.938949,0.493611,0.938687,0.494672
0.938687,0.494672,0.938424,0.495733
0.938424,0.495733,0.93816,0.496794
0.93816,0.496794,0.937896,0.497856
0.937896,0.497856,0.937631,0.498917
0.937631,0.498917,0.937365,0.499979
0.937365,0.499979,0.937099,0.501042
0.937099,0.501042,0.936832,0.502104
0.936832,0.502104,0.936565,0.503167
0.936565,0.503167,0.936296,0.50423
0.936296,0.50423,0.936028,0.505294
0.936028,0.505294,0.935758,0.506358
0.935758,0.506358,0.935488,0.507421
0.935488,0.507421,0.935218,0.508486
0.935218,0.508486,0.934946,0.50955
0.934946,0.50955,0.934674,0.510615
0.934674,0.510615,0.934402,0.51168
0.934402,0.51168,0.934129,0.512745
0.934129,0.512745,0.933855,0.513811
0.933855,0.513811,0.93358,0.514877
0.93358,0.514877,0.933305,0.515943
0.933305,0.515943,0.933029,0.517009
0.933029,0.517009,0.932753,0.518076
0.932753,0.518076,0.932476,0.519143
0.932476,0.519143,0.932198,0.52021
0.932198,0.52021,0.93192,0.521278
0.93192,0.521278,0.931641,0.522345
0.931641,0.522345,0.931361,0.523413
0.931361,0.523413,0.931081,0.524482
0.931081,0.524482,0.9308,0.52555
0.9308,0.52555,0.930519,0.526619
0.930519,0.526619,0.930237,0.527688
0.930237,0.527688,0.929954,0.528758
0.929954,0.528758,0.92967,0.529828
0.92967,0.529828,0.929386,0.530898
0.929386,0.530898,0.929101,0.531968
0.929101,0.531968,0.928816,0.533039
0.928816,0.533039,0.92853,0.534109
0.92853,0.534109,0.928243,0.535181
0.928243,0.535181,0.927956,0.536252
0.927956,0.536252,0.927668,0.537324
0.927668,0.537324,0.927379,0.538396
0.927379,0.538396,0.92709,0.539468
0.92709,0.539468,0.9268,0.540541
0.9268,0.540541,0.926509,0.541614
0.926509,0.541614,0.926218,0.542687
0.926218,0.542687,0.925926,0.54376
0.925926,0.54376,0.925633,0.544834
0.925633,0.544834,0.92534,0.545908
0.92534,0.545908,0.925046,0.546982
0.925046,0.546982,0.924751,0.548057
0.924751,0.548057,0.924456,0.549132
0.924456,0.549132,0.92416,0.550207
0.92416,0.550207,0.923864,0.551283
0.923864,0.551283,0.923567,0.552358
0.923567,0.552358,0.923269,0.553435
0.923269,0.553435,0.92297,0.554511
0.92297,0.554511,0.922671,0.555588
0.922671,0.555588,0.922371,0.556665
0.922371,0.556665,0.922071,0.557742
0.922071,0.557742,0.921769,0.55882
0.921769,0.55882,0.921467,0.559897
0.921467,0.559897,0.921165,0.560976
0.921165,0.560976,0.920862,0.562054
0.920862,0.562054,0.920558,0.563133
0.920558,0.563133,0.920253,0.564212
0.920253,0.564212,0.919948,0.565292
0.919948,0.565292,0.919642,0.566371
0.919642,0.566371,0.919336,0.567451
0.919336,0.567451,0.919029,0.568532
0.919029,0.568532,0.918721,0.569612
0.918721,0.569612,0.918412,0.570693
0.918412,0.570693,0.918103,0.571774
0.918103,0.571774,0.917793,0.572856
0.917793,0.572856,0.917482,0.573938
0.917482,0.573938,0.917171,0.57502
0.917171,0.57502,0.916859,0.576103
0.916859,0.576103,0.916547,0.577185
0.916547,0.577185,0.916233,0.578268
0.916233,0.578268,0.915919,0.579352
0.915919,0.579352,0.915605,0.580436
0.915605,0.580436,0.915289,0.58152
0.915289,0.58152,0.914973,0.582604
0.914973,0.582604,0.914657,0.583689
0.914657,0.583689,0.914339,0.584774
0.914339,0.584774,0.914021,0.585859
0.914021,0.585859,0.913703,0.586945
0.913703,0.586945,0.913383,0.588031
0.913383,0.588031,0.913063,0.589117
0.913063,0.589117,0.912742,0.590203
0.912742,0.590203,0.912421,0.59129
0.912421,0.59129,0.912099,0.592378
0.912099,0.592378,0.911776,0.593465
0.911776,0.593465,0.911453,0.594553
0.911453,0.594553,0.911128,0.595641
0.911128,0.595641,0.910803,0.59673
0.910803,0.59673,0.910478,0.597818
0.910478,0.597818,0.910152,0.598908
0.910152,0.598908,0.909825,0.599997
0.909825,0.599997,0.909497,0.601087
0.909497,0.601087,0.909169,0.602177
0.909169,0.602177,0.90884,0.603268
0.90884,0.603268,0.90851,0.604358
0.90851,0.604358,0.908179,0.605449
0.908179,0.605449,0.907848,0.606541
0.907848,0.606541,0.907516,0.607633
0.907516,0.607633,0.907184,0.608725
0.907184,0.608725,0.906851,0.609817
0.906851,0.609817,0.906517,0.61091
0.906517,0.61091,0.906182,0.612003
0.906182,0.612003,0.905847,0.613097
0.905847,0.613097,0.905511,0.61419
0.905511,0.61419,0.905174,0.615285
0.905174,0.615285,0.904837,0.616379
0.904837,0.616379,0.904498,0.617474
0.904498,0.617474,0.90416,0.618569
0.90416,0.618569,0.90382,0.619664
0.90382,0.619664,0.90348,0.62076
0.90348,0.62076,0.903139,0.621856
0.903139,0.621856,0.902797,0.622953
0.902797,0.622953,0.902455,0.62405
0.902455,0.62405,0.902112,0.625147
0.902112,0.625147,0.901768,0.626244
0.901768,0.626244,0.901424,0.627342
0.901424,0.627342,0.901078,0.62844
0.901078,0.62844,0.900732,0.629539
0.900732,0.629539,0.900386,0.630638
0.900386,0.630638,0.900038,0.631737
0.900038,0.631737,0.89969,0.632837
0.89969,0.632837,0.899342,0.633936
0.899342,0.633936,0.898992,0.635037
0.898992,0.635037,0.898642,0.636137
0.898642,0.636137,0.898291,0.637238
0.898291,0.637238,0.897939,0.63834
0.897939,0.63834,0.897587,0.639441
0.897587,0.639441,0.897234,0.640543
0.897234,0.640543,0.89688,0.641646
0.89688,0.641646,0.896525,0.642748
0.896525,0.642748,0.89617,0.643851
0.89617,0.643851,0.895814,0.644955
0.895814,0.644955,0.895458,0.646059
0.895458,0.646059,0.8951,0.647163
0.8951,0.647163,0.894742,0.648267
0.894742,0.648267,0.894383,0.649372
0.894383,0.649372,0.894023,0.650477
0.894023,0.650477,0.893663,0.651583
0.893663,0.651583,0.893302,0.652689
0.893302,0.652689,0.89294,0.653795
0.89294,0.653795,0.892578,0.654902
0.892578,0.654902,0.892215,0.656009
0.892215,0.656009,0.891851,0.657116
0.891851,0.657116,0.891486,0.658224
0.891486,0.658224,0.89112,0.659332
0.89112,0.659332,0.890754,0.660441
0.890754,0.660441,0.890387,0.661549
0.890387,0.661549,0.89002,0.662659
0.89002,0.662659,0.889651,0.663768
0.889651,0.663768,0.889282,0.664878
0.889282,0.664878,0.888912,0.665988
0.888912,0.665988,0.888542,0.667099
0.888542,0.667099,0.88817,0.66821
0.88817,0.66821,0.887798,0.669322
0.887798,0.669322,0.887425,0.670433
0.887425,0.670433,0.887052,0.671545
0.887052,0.671545,0.886677,0.672658
0.886677,0.672658,0.886302,0.673771
0.886302,0.673771,0.885926,0.674884
0.885926,0.674884,0.88555,0.675998
0.88555,0.675998,0.885173,0.677112
0.885173,0.677112,0.884794,0.678226
0.884794,0.678226,0.884416,0.679341
0.884416,0.679341,0.884036,0.680456
0.884036,0.680456,0.883656,0.681572
0.883656,0.681572,0.883275,0.682688
0.883275,0.682688,0.882893,0.683804
0.882893,0.683804,0.88251,0.684921
0.88251,0.684921,0.882127,0.686038
0.882127,0.686038,0.881743,0.687155
0.881743,0.687155,0.881358,0.688273
0.881358,0.688273,0.880972,0.689391
0.880972,0.689391,0.880586,0.69051
0.880586,0.69051,0.880199,0.691629
0.880199,0.691629,0.879811,0.692748
0.879811,0.692748,0.879422,0.693868
0.879422,0.693868,0.879033,0.694988
0.879033,0.694988,0.878643,0.696108
0.878643,0.696108,0.878252,0.697229
0.878252,0.697229,0.87786,0.698351
0.87786,0.698351,0.877468,0.699472
0.877468,0.699472,0.877074,0.700594
0.877074,0.700594,0.87668,0.701717
0.87668,0.701717,0.876286,0.70284
0.876286,0.70284,0.87589,0.703963
0.87589,0.703963,0.875494,0.705087
0.875494,0.705087,0.875097,0.706211
0.875097,0.706211,0.874699,0.707335
0.874699,0.707335,0.8743,0.70846
0.8743,0.70846,0.873901,0.709585
0.873901,0.709585,0.873501,0.710711
0.873501,0.710711,0.8731,0.711837
0.8731,0.711837,0.872698,0.712963
0.872698,0.712963,0.872295,0.71409
0.872295,0.71409,0.871892,0.715217
0.871892,0.715217,0.871488,0.716345
0.871488,0.716345,0.871083,0.717473
0.871083,0.717473,0.870678,0.718602
0.870678,0.718602,0.870271,0.71973
0.870271,0.71973,0.869864,0.72086
0.869864,0.72086,0.869456,0.721989
0.869456,0.721989,0.869047,0.723119
0.869047,0.723119,0.868638,0.72425
0.868638,0.72425,0.868227,0.725381
0.868227,0.725381,0.867816,0.726512
0.867816,0.726512,0.867404,0.727644
0.867404,0.727644,0.866991,0.728776
0.866991,0.728776,0.866578,0.729908
0.866578,0.729908,0.866164,0.731041
0.866164,0.731041,0.865748,0.732175
0.865748,0.732175,0.865333,0.733309
0.865333,0.733309,0.864916,0.734443
0.864916,0.734443,0.864498,0.735577
0.864498,0.735577,0.86408,0.736712
0.86408,0.736712,0.863661,0.737848
0.863661,0.737848,0.863241,0.738984
0.863241,0.738984,0.86282,0.74012
0.86282,0.74012,0.862399,0.741257
0.862399,0.741257,0.861977,0.742394
0.861977,0.742394,0.861554,0.743531
0.861554,0.743531,0.86113,0.744669
0.86113,0.744669,0.860705,0.745808
0.860705,0.745808,0.860279,0.746946
0.860279,0.746946,0.859853,0.748086
0.859853,0.748086,0.859426,0.749225
0.859426,0.749225,0.858998,0.750365
0.858998,0.750365,0.858569,0.751506
0.858569,0.751506,0.85814,0.752647
0.85814,0.752647,0.857709,0.753788
0.857709,0.753788,0.857278,0.75493
0.857278,0.75493,0.856846,0.756072
0.856846,0.756072,0.856413,0.757215
0.856413,0.757215,0.85598,0.758358
0.85598,0.758358,0.855545,0.759501
0.855545,0.759501,0.85511,0.760645
0.85511,0.760645,0.854674,0.76179
0.854674,0.76179,0.854237,0.762935
0.854237,0.762935,0.853799,0.76408
0.853799,0.76408,0.853361,0.765226
0.853361,0.765226,0.852921,0.766372
0.852921,0.766372,0.852481,0.767518
0.852481,0.767518,0.85204,0.768665
0.85204,0.768665,0.851598,0.769813
0.851598,0.769813,0.851155,0.770961
0.851155,0.770961,0.850712,0.772109
0.850712,0.772109,0.850267,0.773258
0.850267,0.773258,0.849822,0.774407
0.849822,0.774407,0.849376,0.775557
0.849376,0.775557,0.848929,0.776707
0.848929,0.776707,0.848482,0.777857
0.848482,0.777857,0.848033,0.779008
0.848033,0.779008,0.847584,0.78016
0.847584,0.78016,0.847133,0.781311
0.847133,0.781311,0.846682,0.782464
0.846682,0.782464,0.846231,0.783617
0.846231,0.783617,0.845778,0.78477
0.845778,0.78477,0.845324,0.785924
0.845324,0.785924,0.84487,0.787078
0.84487,0.787078,0.844414,0.788232
0.844414,0.788232,0.843958,0.789387
0.843958,0.789387,0.843501,0.790543
0.843501,0.790543,0.843044,0.791699
0.843044,0.791699,0.842585,0.792855
0.842585,0.792855,0.842125,0.794012
0.842125,0.794012,0.841665,0.795169
0.841665,0.795169,0.841204,0.796327
0.841204,0.796327,0.840742,0.797485
0.840742,0.797485,0.840279,0.798644
0.840279,0.798644,0.839815,0.799803
0.839815,0.799803,0.83935,0.800963
0.83935,0.800963,0.838885,0.802123
0.838885,0.802123,0.838418,0.803284
0.838418,0.803284,0.837951,0.804445
0.837951,0.804445,0.837483,0.805606
0.837483,0.805606,0.837014,0.806768
0.837014,0.806768,0.836544,0.807931
0.836544,0.807931,0.836074,0.809093
0.836074,0.809093,0.835602,0.810257
0.835602,0.810257,0.83513,0.811421
0.83513,0.811421,0.834656,0.812585
0.834656,0.812585,0.834182,0.81375
0.834182,0.81375,0.833707,0.814915
0.833707,0.814915,0.833231,0.816081
0.833231,0.816081,0.832754,0.817247
0.832754,0.817247,0.832277,0.818414
0.832277,0.818414,0.831798,0.819581
0.831798,0.819581,0.831319,0.820748
0.831319,0.820748,0.830838,0.821916
0.830838,0.821916,0.830357,0.823085
0.830357,0.823085,0.829875,0.824254
0.829875,0.824254,0.829392,0.825424
0.829392,0.825424,0.828908,0.826594
0.828908,0.826594,0.828424,0.827764
0.828424,0.827764,0.827938,0.828935
0.827938,0.828935,0.827452,0.830107
0.827452,0.830107,0.826964,0.831279
0.826964,0.831279,0.826476,0.832451
0.826476,0.832451,0.825987,0.833624
0.825987,0.833624,0.825497,0.834798
0.825497,0.834798,0.825006,0.835971
0.825006,0.835971,0.824514,0.837146
0.824514,0.837146,0.824021,0.838321
0.824021,0.838321,0.823528,0.839496
0.823528,0.839496,0.823033,0.840672
0.823033,0.840672,0.822538,0.841848
0.822538,0.841848,0.822041,0.843025
0.822041,0.843025,0.821544,0.844203
0.821544,0.844203,0.821046,0.84538
0.821046,0.84538,0.820547,0.846559
0.820547,0.846559,0.820047,0.847738
0.820047,0.847738,0.819546,0.848917
0.819546,0.848917,0.819044,0.850097
0.819044,0.850097,0.818542,0.851277
0.818542,0.851277,0.818038,0.852458
0.818038,0.852458,0.817533,0.853639
0.817533,0.853639,0.817028,0.854821
0.817028,0.854821,0.816522,0.856004
0.816522,0.856004,0.816014,0.857187
0.816014,0.857187,0.815506,0.85837
0.815506,0.85837,0.814997,0.859554
0.814997,0.859554,0.814487,0.860738
0.814487,0.860738,0.813976,0.861923
0.813976,0.861923,0.813464,0.863108
0.813464,0.863108,0.812952,0.864294
0.812952,0.864294,0.812438,0.865481
0.812438,0.865481,0.811923,0.866668
0.811923,0.866668,0.811408,0.867855
0.811408,0.867855,0.810891,0.869043
0.810891,0.869043,0.810374,0.870232
0.810374,0.870232,0.809855,0.871421
0.809855,0.871421,0.809336,0.87261
0.809336,0.87261,0.808816,0.8738
0.808816,0.8738,0.808295,0.874991
0.808295,0.874991,0.807773,0.876182
0.807773,0.876182,0.80725,0.877373
0.80725,0.877373,0.806726,0.878565
0.806726,0.878565,0.806201,0.879758
0.806201,0.879758,0.805675,0.880951
0.805675,0.880951,0.805148,0.882145
0.805148,0.882145,0.80462,0.883339
0.80462,0.883339,0.804091,0.884534
0.804091,0.884534,0.803562,0.885729
0.803562,0.885729,0.803031,0.886925
0.803031,0.886925,0.8025,0.888121
0.8025,0.888121,0.801967,0.889318
0.801967,0.889318,0.801434,0.890516
0.801434,0.890516,0.800899,0.891713
0.800899,0.891713,0.800364,0.892912
0.800364,0.892912,0.799828,0.894111
0.799828,0.894111,0.79929,0.89531
0.79929,0.89531,0.798752,0.89651
0.798752,0.89651,0.798213,0.897711
0.798213,0.897711,0.797673,0.898912
0.797673,0.898912,0.797132,0.900114
0.797132,0.900114,0.796589,0.901316
0.796589,0.901316,0.796046,0.902519
0.796046,0.902519,0.795502,0.903722
0.795502,0.903722,0.794957,0.904926
0.794957,0.904926,0.794411,0.90613
0.794411,0.90613,0.793864,0.907335
0.793864,0.907335,0.793316,0.908541
0.793316,0.908541,0.792767,0.909747
0.792767,0.909747,0.792218,0.910953
0.792218,0.910953,0.791667,0.91216
0.791667,0.91216,0.791115,0.913368
0.791115,0.913368,0.790562,0.914576
0.790562,0.914576,0.790008,0.915785
0.790008,0.915785,0.789453,0.916994
0.789453,0.916994,0.788898,0.918204
0.788898,0.918204,0.788341,0.919414
0.788341,0.919414,0.787783,0.920625
0.787783,0.920625,0.787224,0.921837
0.787224,0.921837,0.786665,0.923049
0.786665,0.923049,0.786104,0.924262
0.786104,0.924262,0.785542,0.925475
0.785542,0.925475,0.784979,0.926689
0.784979,0.926689,0.784416,0.927903
0.784416,0.927903,0.783851,0.929118
0.783851,0.929118,0.783285,0.930333
0.783285,0.930333,0.782718,0.931549
0.782718,0.931549,0.782151,0.932766
0.782151,0.932766,0.781582,0.933983
0.781582,0.933983,0.781012,0.935201
0.781012,0.935201,0.780441,0.936419
0.780441,0.936419,0.77987,0.937638
0.77987,0.937638,0.779297,0.938857
0.779297,0.938857,0.778723,0.940077
0.778723,0.940077,0.778148,0.941298
0.778148,0.941298,0.777572,0.942519
0.777572,0.942519,0.776995,0.943741
0.776995,0.943741,0.776418,0.944963
0.776418,0.944963,0.775839,0.946186
0.775839,0.946186,0.775259,0.947409
0.775259,0.947409,0.774678,0.948633
0.774678,0.948633,0.774096,0.949858
0.774096,0.949858,0.773513,0.951083
0.773513,0.951083,0.772929,0.952309
0.772929,0.952309,0.772344,0.953535
0.772344,0.953535,0.771758,0.954762
0.771758,0.954762,0.771171,0.95599
0.771171,0.95599,0.770582,0.957218
0.770582,0.957218,0.769993,0.958446
0.769993,0.958446,0.769403,0.959676
0.769403,0.959676,0.768812,0.960905
0.768812,0.960905,0.768219,0.962136
0.768219,0.962136,0.767626,0.963367
0.767626,0.963367,0.767032,0.964599
0.767032,0.964599,0.766436,0.965831
0.766436,0.965831,0.76584,0.967064
0.76584,0.967064,0.765242,0.968297
0.765242,0.968297,0.764643,0.969531
0.764643,0.969531,0.764044,0.970766
0.764044,0.970766,0.763443,0.972001
0.763443,0.972001,0.762841,0.973237
0.762841,0.973237,0.762239,0.974473
0.762239,0.974473,0.761635,0.97571
0.761635,0.97571,0.76103,0.976948
0.76103,0.976948,0.760424,0.978186
0.760424,0.978186,0.759817,0.979425
0.759817,0.979425,0.759209,0.980664
0.759209,0.980664,0.758599,0.981904
0.758599,0.981904,0.757989,0.983145
0.757989,0.983145,0.757378,0.984386
0.757378,0.984386,0.756765,0.985628
0.756765,0.985628,0.756152,0.98687
0.756152,0.98687,0.755537,0.988113
0.755537,0.988113,0.754922,0.989357
0.754922,0.989357,0.754305,0.990601
0.754305,0.990601,0.753687,0.991846
0.753687,0.991846,0.753068,0.993092
0.753068,0.993092,0.752448,0.994338
0.752448,0.994338,0.751827,0.995585
0.751827,0.995585,0.751205,0.996832
0.751205,0.996832,0.750582,0.99808
0.750582,0.99808,0.749957,0.999329
0.749957,0.999329,0.749332,1.00058
0.749332,1.00058,0.748706,1.00183
0.748706,1.00183,0.748078,1.00308
0.748078,1.00308,0.747449,1.00433
0.747449,1.00433,0.746819,1.00558
0.746819,1.00558,0.746189,1.00683
0.746189,1.00683,0.745557,1.00809
0.745557,1.00809,0.744923,1.00934
0.744923,1.00934,0.744289,1.01059
0.744289,1.01059,0.743654,1.01185
0.743654,1.01185,0.743017,1.0131
0.743017,1.0131,0.74238,1.01436
0.74238,1.01436,0.741741,1.01562
0.741741,1.01562,0.741101,1.01688
0.741101,1.01688,0.740461,1.01813
0.740461,1.01813,0.739819,1.01939
0.739819,1.01939,0.739175,1.02065
0.739175,1.02065,0.738531,1.02191
0.738531,1.02191,0.737886,1.02317
0.737886,1.02317,0.737239,1.02443
0.737239,1.02443,0.736592,1.0257
0.736592,1.0257,0.735943,1.02696
0.735943,1.02696,0.735293,1.02822
0.735293,1.02822,0.734642,1.02948
0.734642,1.02948,0.73399,1.03075
0.73399,1.03075,0.733336,1.03201
0.733336,1.03201,0.732682,1.03328
0.732682,1.03328,0.732026,1.03455
0.732026,1.03455,0.73137,1.03581
0.73137,1.03581,0.730712,1.03708
0.730712,1.03708,0.730053,1.03835
0.730053,1.03835,0.729393,1.03962
0.729393,1.03962,0.728731,1.04089
0.728731,1.04089,0.728069,1.04216
0.728069,1.04216,0.727405,1.04343
0.727405,1.04343,0.72674,1.0447
0.72674,1.0447,0.726075,1.04597
0.726075,1.04597,0.725407,1.04725
0.725407,1.04725,0.724739,1.04852
0.724739,1.04852,0.72407,1.0498
0.72407,1.0498,0.723399,1.05107
0.723399,1.05107,0.722727,1.05235
0.722727,1.05235,0.722055,1.05362
0.722055,1.05362,0.72138,1.0549
0.72138,1.0549,0.720705,1.05618
0.720705,1.05618,0.720029,1.05746
0.720029,1.05746,0.719351,1.05874
0.719351,1.05874,0.718672,1.06001
0.718672,1.06001,0.717992,1.0613
0.717992,1.0613,0.717311,1.06258
0.717311,1.06258,0.716629,1.06386
0.716629,1.06386,0.715945,1.06514
0.715945,1.06514,0.715261,1.06642
0.715261,1.06642,0.714575,1.06771
0.714575,1.06771,0.713888,1.06899
0.713888,1.06899,0.713199,1.07028
0.713199,1.07028,0.71251,1.07156
0.71251,1.07156,0.711819,1.07285
0.711819,1.07285,0.711127,1.07414
0.711127,1.07414,0.710434,1.07543
0.710434,1.07543,0.70974,1.07671
0.70974,1.07671,0.709045,1.078
0.709045,1.078,0.708348,1.07929
0.708348,1.07929,0.70765,1.08058
0.70765,1.08058,0.706951,1.08188
0.706951,1.08188,0.70625,1.08317
0.70625,1.08317,0.705549,1.08446
0.705549,1.08446,0.704846,1.08575
0.704846,1.08575,0.704142,1.08705
0.704142,1.08705,0.703437,1.08834
0.703437,1.08834,0.702731,1.08964
0.702731,1.08964,0.702023,1.09093
0.702023,1.09093,0.701314,1.09223
0.701314,1.09223,0.700604,1.09353
0.700604,1.09353,0.699893,1.09483
0.699893,1.09483,0.69918,1.09613
0.69918,1.09613,0.698466,1.09743
0.698466,1.09743,0.697751,1.09873
0.697751,1.09873,0.697035,1.10003
0.697035,1.10003,0.696317,1.10133
0.696317,1.10133,0.695599,1.10263
0.695599,1.10263,0.694878,1.10394
0.694878,1.10394,0.694157,1.10524
0.694157,1.10524,0.693435,1.10655
0.693435,1.10655,0.692711,1.10785
0.692711,1.10785,0.691986,1.10916
0.691986,1.10916,0.69126,1.11047
0.69126,1.11047,0.690532,1.11177
0.690532,1.11177,0.689803,1.11308
0.689803,1.11308,0.689073,1.11439
0.689073,1.11439,0.688342,1.1157
0.688342,1.1157,0.687609,1.11701
0.687609,1.11701,0.686875,1.11832
0.686875,1.11832,0.68614,1.11963
0.68614,1.11963,0.685404,1.12095
0.685404,1.12095,0.684666,1.12226
0.684666,1.12226,0.683927,1.12358
0.683927,1.12358,0.683187,1.12489
0.683187,1.12489,0.682445,1.12621
0.682445,1.12621,0.681702,1.12752
0.681702,1.12752,0.680958,1.12884
0.680958,1.12884,0.680213,1.13016
0.680213,1.13016,0.679466,1.13148
0.679466,1.13148,0.678718,1.1328
0.678718,1.1328,0.677969,1.13412
0.677969,1.13412,0.677218,1.13544
0.677218,1.13544,0.676467,1.13676
0.676467,1.13676,0.675713,1.13808
0.675713,1.13808,0.674959,1.13941
0.674959,1.13941,0.674203,1.14073
0.674203,1.14073,0.673446,1.14205
0.673446,1.14205,0.672688,1.14338
0.672688,1.14338,0.671928,1.14471
0.671928,1.14471,0.671167,1.14603
0.671167,1.14603,0.670404,1.14736
0.670404,1.14736,0.669641,1.14869
0.669641,1.14869,0.668876,1.15002
0.668876,1.15002,0.668109,1.15135
0.668109,1.15135,0.667342,1.15268
0.667342,1.15268,0.666573,1.15401
0.666573,1.15401,0.665802,1.15534
0.665802,1.15534,0.665031,1.15668
0.665031,1.15668,0.664258,1.15801
0.664258,1.15801,0.663483,1.15935
0.663483,1.15935,0.662708,1.16068
0.662708,1.16068,0.661931,1.16202
0.661931,1.16202,0.661152,1.16335
0.661152,1.16335,0.660373,1.16469
0.660373,1.16469,0.659592,1.16603
0.659592,1.16603,0.658809,1.16737
0.658809,1.16737,0.658025,1.16871
0.658025,1.16871,0.65724,1.17005
0.65724,1.17005,0.656454,1.17139
0.656454,1.17139,0.655666,1.17273
0.655666,1.17273,0.654877,1.17408
0.654877,1.17408,0.654086,1.17542
0.654086,1.17542,0.653294,1.17677
0.653294,1.17677,0.652501,1.17811
0.652501,1.17811,0.651706,1.17946
0.651706,1.17946,0.65091,1.18081
0.65091,1.18081,0.650113,1.18215
0.650113,1.18215,0.649314,1.1835
0.649314,1.1835,0.648514,1.18485
0.648514,1.18485,0.647712,1.1862
0.647712,1.1862,0.646909,1.18755
0.646909,1.18755,0.646105,1.18891
0.646105,1.18891,0.645299,1.19026
0.645299,1.19026,0.644492,1.19161
0.644492,1.19161,0.643683,1.19297
0.643683,1.19297,0.642873,1.19432
0.642873,1.19432,0.642062,1.19568
0.642062,1.19568,0.641249,1.19703
0.641249,1.19703,0.640435,1.19839
0.640435,1.19839,0.639619,1.19975
0.639619,1.19975,0.638802,1.20111
0.638802,1.20111,0.637984,1.20247
0.637984,1.20247,0.637164,1.20383
0.637164,1.20383,0.636342,1.20519
0.636342,1.20519,0.63552,1.20656
0.63552,1.20656,0.634696,1.20792
0.634696,1.20792,0.63387,1.20928
0.63387,1.20928,0.633043,1.21065
0.633043,1.21065,0.632215,1.21201
0.632215,1.21201,0.631385,1.21338
0.631385,1.21338,0.630553,1.21475
0.630553,1.21475,0.629721,1.21612
0.629721,1.21612,0.628886,1.21748
0.628886,1.21748,0.628051,1.21885
0.628051,1.21885,0.627214,1.22023
0.627214,1.22023,0.626375,1.2216
0.626375,1.2216,0.625535,1.22297
0.625535,1.22297,0.624694,1.22434
0.624694,1.22434,0.623851,1.22572
0.623851,1.22572,0.623006,1.22709
0.623006,1.22709,0.622161,1.22847
0.622161,1.22847,0.621313,1.22984
0.621313,1.22984,0.620465,1.23122
0.620465,1.23122,0.619614,1.2326
0.619614,1.2326,0.618763,1.23398
0.618763,1.23398,0.617909,1.23536
0.617909,1.23536,0.617055,1.23674
0.617055,1.23674,0.616198,1.23812
0.616198,1.23812,0.615341,1.2395
0.615341,1.2395,0.614482,1.24089
0.614482,1.24089,0.613621,1.24227
0.613621,1.24227,0.612759,1.24366
0.612759,1.24366,0.611895,1.24504
0.611895,1.24504,0.61103,1.24643
0.61103,1.24643,0.610164,1.24782
0.610164,1.24782,0.609295,1.24921
0.609295,1.24921,0.608426,1.2506
0.608426,1.2506,0.607555,1.25199
0.607555,1.25199,0.606682,1.25338
0.606682,1.25338,0.605808,1.25477
0.605808,1.25477,0.604932,1.25616
0.604932,1.25616,0.604055,1.25756
0.604055,1.25756,0.603176,1.25895
0.603176,1.25895,0.602296,1.26035
0.602296,1.26035,0.601414,1.26174
0.601414,1.26174,0.600531,1.26314
0.600531,1.26314,0.599646,1.26454
0.599646,1.26454,0.598759,1.26594
0.598759,1.26594,0.597871,1.26734
0.597871,1.26734,0.596982,1.26874
0.596982,1.26874,0.596091,1.27014
0.596091,1.27014,0.595198,1.27154
0.595198,1.27154,0.594304,1.27295
0.594304,1.27295,0.593408,1.27435
0.593408,1.27435,0.592511,1.27576
0.592511,1.27576,0.591612,1.27716
0.591612,1.27716,0.590712,1.27857
0.590712,1.27857,0.58981,1.27998
0.58981,1.27998,0.588906,1.28139
0.588906,1.28139,0.588001,1.2828
0.588001,1.2828,0.587094,1.28421
0.587094,1.28421,0.586186,1.28562
0.586186,1.28562,0.585276,1.28703
0.585276,1.28703,0.584365,1.28844
0.584365,1.28844,0.583452,1.28986
0.583452,1.28986,0.582537,1.29127
0.582537,1.29127,0.581621,1.29269
0.581621,1.29269,0.580703,1.29411
0.580703,1.29411,0.579784,1.29552
0.579784,1.29552,0.578863,1.29694
0.578863,1.29694,0.57794,1.29836
0.57794,1.29836,0.577016,1.29978
0.577016,1.29978,0.57609,1.30121
0.57609,1.30121,0.575162,1.30263
0.575162,1.30263,0.574233,1.30405
0.574233,1.30405,0.573303,1.30548
0.573303,1.30548,0.57237,1.3069
0.57237,1.3069,0.571436,1.30833
0.571436,1.30833,0.570501,1.30975
0.570501,1.30975,0.569564,1.31118
0.569564,1.31118,0.568625,1.31261
0.568625,1.31261,0.567684,1.31404
0.567684,1.31404,0.566742,1.31547
0.566742,1.31547,0.565798,1.3169
0.565798,1.3169,0.564853,1.31834
0.564853,1.31834,0.563906,1.31977
0.563906,1.31977,0.562957,1.32121
0.562957,1.32121,0.562007,1.32264
0.562007,1.32264,0.561055,1.32408
0.561055,1.32408,0.560101,1.32552
0.560101,1.32552,0.559146,1.32695
0.559146,1.32695,0.558188,1.32839
0.558188,1.32839,0.55723,1.32983
0.55723,1.32983,0.556269,1.33128
0.556269,1.33128,0.555307,1.33272
0.555307,1.33272,0.554343,1.33416
0.554343,1.33416,0.553378,1.33561
0.553378,1.33561,0.552411,1.33705
0.552411,1.33705,0.551442,1.3385
0.551442,1.3385,0.550471,1.33994
0.550471,1.33994,0.549499,1.34139
0.549499,1.34139,0.548525,1.34284
0.548525,1.34284,0.54755,1.34429
0.54755,1.34429,0.546572,1.34574
0.546572,1.34574,0.545593,1.34719
0.545593,1.34719,0.544612,1.34865
0.544612,1.34865,0.54363,1.3501
0.54363,1.3501,0.542646,1.35156
0.542646,1.35156,0.54166,1.35301
0.54166,1.35301,0.540672,1.35447
0.540672,1.35447,0.539683,1.35593
0.539683,1.35593,0.538691,1.35738
0.538691,1.35738,0.537698,1.35884
0.537698,1.35884,0.536704,1.36031
0.536704,1.36031,0.535707,1.36177
0.535707,1.36177,0.534709,1.36323
0.534709,1.36323,0.533709,1.36469
0.533709,1.36469,0.532708,1.36616
0.532708,1.36616,0.531704,1.36762
0.531704,1.36762,0.530699,1.36909
0.530699,1.36909,0.529692,1.37056
0.529692,1.37056,0.528684,1.37203
0.528684,1.37203,0.527673,1.3735
0.527673,1.3735,0.526661,1.37497
0.526661,1.37497,0.525647,1.37644
0.525647,1.37644,0.524631,1.37791
0.524631,1.37791,0.523613,1.37939
0.523613,1.37939,0.522594,1.38086
0.522594,1.38086,0.521573,1.38234
0.521573,1.38234,0.52055,1.38381
0.52055,1.38381,0.519525,1.38529
0.519525,1.38529,0.518498,1.38677
0.518498,1.38677,0.51747,1.38825
0.51747,1.38825,0.51644,1.38973
0.51644,1.38973,0.515408,1.39121
0.515408,1.39121,0.514374,1.3927
0.514374,1.3927,0.513338,1.39418
0.513338,1.39418,0.512301,1.39567
0.512301,1.39567,0.511261,1.39715
0.511261,1.39715,0.51022,1.39864
0.51022,1.39864,0.509177,1.40013
0.509177,1.40013,0.508132,1.40162
0.508132,1.40162,0.507086,1.40311
0.507086,1.40311,0.506037,1.4046
0.506037,1.4046,0.504987,1.40609
0.504987,1.40609,0.503935,1.40758
0.503935,1.40758,0.502881,1.40908
0.502881,1.40908,0.501825,1.41057
0.501825,1.41057,0.500767,1.41207
0.500767,1.41207,0.499707,1.41357
0.499707,1.41357,0.498646,1.41507
0.498646,1.41507,0.497582,1.41657
0.497582,1.41657,0.496517,1.41807
0.496517,1.41807,0.49545,1.41957
0.49545,1.41957,0.494381,1.42107
0.494381,1.42107,0.49331,1.42258
0.49331,1.42258,0.492237,1.42408
0.492237,1.42408,0.491162,1.42559
0.491162,1.42559,0.490085,1.42709
0.490085,1.42709,0.489007,1.4286
0.489007,1.4286,0.487926,1.43011
0.487926,1.43011,0.486844,1.43162
0.486844,1.43162,0.485759,1.43313
0.485759,1.43313,0.484673,1.43465
0.484673,1.43465,0.483585,1.43616
0.483585,1.43616,0.482495,1.43767
0.482495,1.43767,0.481403,1.43919
0.481403,1.43919,0.480309,1.44071
0.480309,1.44071,0.479213,1.44222
0.479213,1.44222,0.478115,1.44374
0.478115,1.44374,0.477015,1.44526
0.477015,1.44526,0.475913,1.44678
0.475913,1.44678,0.47481,1.44831
0.47481,1.44831,0.473704,1.44983
0.473704,1.44983,0.472596,1.45136
0.472596,1.45136,0.471487,1.45288
0.471487,1.45288,0.470375,1.45441
0.470375,1.45441,0.469262,1.45594
0.469262,1.45594,0.468146,1.45746
0.468146,1.45746,0.467028,1.45899
0.467028,1.45899,0.465909,1.46053
0.465909,1.46053,0.464787,1.46206
0.464787,1.46206,0.463664,1.46359
0.463664,1.46359,0.462538,1.46513
0.462538,1.46513,0.461411,1.46666
0.461411,1.46666,0.460281,1.4682
0.460281,1.4682,0.45915,1.46974
0.45915,1.46974,0.458016,1.47128
0.458016,1.47128,0.456881,1.47282
0.456881,1.47282,0.455743,1.47436
0.455743,1.47436,0.454603,1.4759
0.454603,1.4759,0.453462,1.47744
0.453462,1.47744,0.452318,1.47899
0.452318,1.47899,0.451172,1.48053
0.451172,1.48053,0.450024,1.48208
0.450024,1.48208,0.448875,1.48363
0.448875,1.48363,0.447723,1.48518
0.447723,1.48518,0.446569,1.48673
0.446569,1.48673,0.445413,1.48828
0.445413,1.48828,0.444255,1.48983
0.444255,1.48983,0.443094,1.49139
0.443094,1.49139,0.441932,1.49294
0.441932,1.49294,0.440768,1.4945
0.440768,1.4945,0.439601,1.49605
0.439601,1.49605,0.438433,1.49761
0.438433,1.49761,0.437262,1.49917
0.437262,1.49917,0.43609,1.50073
0.43609,1.50073,0.434915,1.5023
0.434915,1.5023,0.433738,1.50386
0.433738,1.50386,0.432559,1.50542
0.432559,1.50542,0.431378,1.50699
0.431378,1.50699,0.430195,1.50856
0.430195,1.50856,0.429009,1.51012
0.429009,1.51012,0.427822,1.51169
0.427822,1.51169,0.426632,1.51326
0.426632,1.51326,0.42544,1.51483
0.42544,1.51483,0.424247,1.51641
0.424247,1.51641,0.42305,1.51798
0.42305,1.51798,0.421852,1.51956
0.421852,1.51956,0.420652,1.52113
0.420652,1.52113,0.419449,1.52271
0.419449,1.52271,0.418245,1.52429
0.418245,1.52429,0.417038,1.52587
0.417038,1.52587,0.415829,1.52745
0.415829,1.52745,0.414618,1.52903
0.414618,1.52903,0.413404,1.53061
0.413404,1.53061,0.412189,1.5322
0.412189,1.5322,0.410971,1.53378
0.410971,1.53378,0.409751,1.53537
0.409751,1.53537,0.408529,1.53696
0.408529,1.53696,0.407305,1.53855
0.407305,1.53855,0.406078,1.54014
0.406078,1.54014,0.404849,1.54173
0.404849,1.54173,0.403618,1.54332
0.403618,1.54332,0.402385,1.54492
0.402385,1.54492,0.40115,1.54651
0.40115,1.54651,0.399912,1.54811
0.399912,1.54811,0.398672,1.54971
0.398672,1.54971,0.39743,1.55131
0.39743,1.55131,0.396186,1.55291
0.396186,1.55291,0.394939,1.55451
0.394939,1.55451,0.39369,1.55611
0.39369,1.55611,0.392439,1.55772
0.392439,1.55772,0.391186,1.55932
0.391186,1.55932,0.38993,1.56093
0.38993,1.56093,0.388672,1.56254
0.388672,1.56254,0.387412,1.56415
0.387412,1.56415,0.386149,1.56576
0.386149,1.56576,0.384884,1.56737
0.384884,1.56737,0.383617,1.56898
0.383617,1.56898,0.382348,1.5706
0.382348,1.5706,0.381076,1.57221
0.381076,1.57221,0.379802,1.57383
0.379802,1.57383,0.378526,1.57545
0.378526,1.57545,0.377247,1.57707
0.377247,1.57707,0.375966,1.57869
0.375966,1.57869,0.374683,1.58031
0.374683,1.58031,0.373397,1.58193
0.373397,1.58193,0.372109,1.58356
0.372109,1.58356,0.370819,1.58518
0.370819,1.58518,0.369526,1.58681
0.369526,1.58681,0.368231,1.58844
0.368231,1.58844,0.366934,1.59007
0.366934,1.59007,0.365634,1.5917
0.365634,1.5917,0.364332,1.59333
0.364332,1.59333,0.363028,1.59496
0.363028,1.59496,0.361721,1.5966
0.361721,1.5966,0.360412,1.59823
0.360412,1.59823,0.3591,1.59987
0.3591,1.59987,0.357786,1.60151
0.357786,1.60151,0.35647,1.60315
0.35647,1.60315,0.355151,1.60479
0.355151,1.60479,0.353829,1.60643
0.353829,1.60643,0.352506,1.60808
0.352506,1.60808,0.35118,1.60972
0.35118,1.60972,0.349851,1.61137
0.349851,1.61137,0.34852,1.61302
0.34852,1.61302,0.347187,1.61466
0.347187,1.61466,0.345851,1.61632
0.345851,1.61632,0.344513,1.61797
0.344513,1.61797,0.343172,1.61962
0.343172,1.61962,0.341829,1.62127
0.341829,1.62127,0.340484,1.62293
0.340484,1.62293,0.339135,1.62459
0.339135,1.62459,0.337785,1.62625
0.337785,1.62625,0.336432,1.62791
0.336432,1.62791,0.335076,1.62957
0.335076,1.62957,0.333718,1.63123
0.333718,1.63123,0.332358,1.63289
0.332358,1.63289,0.330995,1.63456
0.330995,1.63456,0.329629,1.63623
0.329629,1.63623,0.328261,1.63789
0.328261,1.63789,0.326891,1.63956
0.326891,1.63956,0.325518,1.64123
0.325518,1.64123,0.324142,1.64291
0.324142,1.64291,0.322764,1.64458
0.322764,1.64458,0.321383,1.64625
0.321383,1.64625,0.32,1.64793
0.32,1.64793,0.318615,1.64961
0.318615,1.64961,0.317226,1.65129
0.317226,1.65129,0.315835,1.65297
0.315835,1.65297,0.314442,1.65465
0.314442,1.65465,0.313046,1.65633
0.313046,1.65633,0.311647,1.65802
0.311647,1.65802,0.310246,1.6597
0.310246,1.6597,0.308843,1.66139
0.308843,1.66139,0.307436,1.66308
0.307436,1.66308,0.306027,1.66477
0.306027,1.66477,0.304616,1.66646
0.304616,1.66646,0.303202,1.66815
0.303202,1.66815,0.301785,1.66985
0.301785,1.66985,0.300366,1.67154
0.300366,1.67154,0.298944,1.67324
0.298944,1.67324,0.297519,1.67494
0.297519,1.67494,0.296092,1.67664
0.296092,1.67664,0.294662,1.67834
0.294662,1.67834,0.293229,1.68004
0.293229,1.68004,0.291794,1.68174
0.291794,1.68174,0.290356,1.68345
0.290356,1.68345,0.288915,1.68516
0.288915,1.68516,0.287472,1.68687
0.287472,1.68687,0.286026,1.68858
0.286026,1.68858,0.284578,1.69029
0.284578,1.69029,0.283126,1.692
0.283126,1.692,0.281672,1.69371
0.281672,1.69371,0.280216,1.69543
0.280216,1.69543,0.278756,1.69715
0.278756,1.69715,0.277294,1.69887
0.277294,1.69887,0.275829,1.70059
0.275829,1.70059,0.274362,1.70231
0.274362,1.70231,0.272891,1.70403
0.272891,1.70403,0.271418,1.70575
0.271418,1.70575,0.269942,1.70748
0.269942,1.70748,0.268464,1.70921
0.268464,1.70921,0.266982,1.71094
0.266982,1.71094,0.265498,1.71267
0.265498,1.71267,0.264011,1.7144
0.264011,1.7144,0.262522,1.71613
0.262522,1.71613,0.261029,1.71787
0.261029,1.71787,0.259534,1.7196
0.259534,1.7196,0.258036,1.72134
0.258036,1.72134,0.256535,1.72308
0.256535,1.72308,0.255032,1.72482
0.255032,1.72482,0.253525,1.72656
0.253525,1.72656,0.252016,1.7283
0.252016,1.7283,0.250504,1.73005
0.250504,1.73005,0.248989,1.7318
0.248989,1.7318,0.247471,1.73354
0.247471,1.73354,0.24595,1.73529
0.24595,1.73529,0.244427,1.73705
0.244427,1.73705,0.242901,1.7388
0.242901,1.7388,0.241371,1.74055
0.241371,1.74055,0.239839,1.74231
0.239839,1.74231,0.238304,1.74407
0.238304,1.74407,0.236766,1.74582
0.236766,1.74582,0.235226,1.74758
0.235226,1.74758,0.233682,1.74935
0.233682,1.74935,0.232135,1.75111
0.232135,1.75111,0.230586,1.75287
0.230586,1.75287,0.229034,1.75464
0.229034,1.75464,0.227478,1.75641
0.227478,1.75641,0.22592,1.75818
0.22592,1.75818,0.224359,1.75995
0.224359,1.75995,0.222795,1.76172
0.222795,1.76172,0.221228,1.7635
0.221228,1.7635,0.219657,1.76527
0.219657,1.76527,0.218084,1.76705
0.218084,1.76705,0.216508,1.76883
0.216508,1.76883,0.214929,1.77061
0.214929,1.77061,0.213347,1.77239
0.213347,1.77239,0.211762,1.77417
0.211762,1.77417,0.210174,1.77596
0.210174,1.77596,0.208583,1.77775
0.208583,1.77775,0.206989,1.77953
0.206989,1.77953,0.205392,1.78132
0.205392,1.78132,0.203792,1.78312
0.203792,1.78312,0.202189,1.78491
0.202189,1.78491,0.200583,1.7867
0.200583,1.7867,0.198974,1.7885
0.198974,1.7885,0.197362,1.7903
0.197362,1.7903,0.195746,1.7921
0.195746,1.7921,0.194128,1.7939
0.194128,1.7939,0.192507,1.7957
0.192507,1.7957,0.190882,1.7975
0.190882,1.7975,0.189254,1.79931
0.189254,1.79931,0.187624,1.80112
0.187624,1.80112,0.18599,1.80293
0.18599,1.80293,0.184353,1.80474
0.184353,1.80474,0.182713,1.80655
0.182713,1.80655,0.18107,1.80836
0.18107,1.80836,0.179423,1.81018
0.179423,1.81018,0.177774,1.812
0.177774,1.812,0.176121,1.81382
0.176121,1.81382,0.174465,1.81564
0.174465,1.81564,0.172806,1.81746
0.172806,1.81746,0.171144,1.81928
0.171144,1.81928,0.169479,1.82111
0.169479,1.82111,0.16781,1.82294
0.16781,1.82294,0.166139,1.82476
0.166139,1.82476,0.164464,1.82659
0.164464,1.82659,0.162786,1.82843
0.162786,1.82843,0.161104,1.83026
0.161104,1.83026,0.15942,1.8321
0.15942,1.8321,0.157732,1.83393
0.157732,1.83393,0.156041,1.83577
0.156041,1.83577,0.154347,1.83761
0.154347,1.83761,0.152649,1.83945
0.152649,1.83945,0.150948,1.8413
0.150948,1.8413,0.149244,1.84314
0.149244,1.84314,0.147537,1.84499
0.147537,1.84499,0.145826,1.84684
0.145826,1.84684,0.144112,1.84869
0.144112,1.84869,0.142395,1.85054
0.142395,1.85054,0.140674,1.8524
0.140674,1.8524,0.138951,1.85425
0.138951,1.85425,0.137223,1.85611
0.137223,1.85611,0.135493,1.85797
0.135493,1.85797,0.133759,1.85983
0.133759,1.85983,0.132022,1.86169
0.132022,1.86169,0.130281,1.86356
0.130281,1.86356,0.128537,1.86542
0.128537,1.86542,0.12679,1.86729
0.12679,1.86729,0.125039,1.86916
0.125039,1.86916,0.123285,1.87103
0.123285,1.87103,0.121527,1.8729
0.121527,1.8729,0.119767,1.87478
0.119767,1.87478,0.118002,1.87666
0.118002,1.87666,0.116235,1.87853
0.116235,1.87853,0.114463,1.88041
0.114463,1.88041,0.112689,1.8823
0.112689,1.8823,0.110911,1.88418
0.110911,1.88418,0.109129,1.88606
0.109129,1.88606,0.107344,1.88795
0.107344,1.88795,0.105556,1.88984
0.105556,1.88984,0.103764,1.89173
0.103764,1.89173,0.101968,1.89362
0.101968,1.89362,0.100169,1.89552
0.100169,1.89552,0.0983671,1.89741
0.0983671,1.89741,0.0965611,1.89931
0.0965611,1.89931,0.0947517,1.90121
0.0947517,1.90121,0.0929387,1.90311
0.0929387,1.90311,0.0911221,1.90502
0.0911221,1.90502,0.0893021,1.90692
0.0893021,1.90692,0.0874784,1.90883
0.0874784,1.90883,0.0856512,1.91074
0.0856512,1.91074,0.0838205,1.91265
0.0838205,1.91265,0.0819861,1.91456
0.0819861,1.91456,0.0801482,1.91647
0.0801482,1.91647,0.0783066,1.91839
0.0783066,1.91839,0.0764615,1.92031
0.0764615,1.92031,0.0746127,1.92223
0.0746127,1.92223,0.0727603,1.92415
0.0727603,1.92415,0.0709043,1.92607
0.0709043,1.92607,0.0690446,1.92799
0.0690446,1.92799,0.0671813,1.92992
0.0671813,1.92992,0.0653143,1.93185
0.0653143,1.93185,0.0634437,1.93378
0.0634437,1.93378,0.0615693,1.93571
0.0615693,1.93571,0.0596913,1.93765
0.0596913,1.93765,0.0578096,1.93958
0.0578096,1.93958,0.0559241,1.94152
0.0559241,1.94152,0.054035,1.94346
0.054035,1.94346,0.0521421,1.9454
0.0521421,1.9454,0.0502455,1.94735
0.0502455,1.94735,0.0483452,1.94929
0.0483452,1.94929,0.0464411,1.95124
0.0464411,1.95124,0.0445332,1.95319
0.0445332,1.95319,0.0426216,1.95514
0.0426216,1.95514,0.0407062,1.95709
0.0407062,1.95709,0.038787,1.95905
0.038787,1.95905,0.036864,1.961
0.036864,1.961,0.0349372,1.96296
0.0349372,1.96296,0.0330066,1.96492
0.0330066,1.96492,0.0310722,1.96689
0.0310722,1.96689,0.0291339,1.96885
0.0291339,1.96885,0.0271918,1.97082
0.0271918,1.97082,0.0252458,1.97279
0.0252458,1.97279,0.023296,1.97476
0.023296,1.97476,0.0213422,1.97673
0.0213422,1.97673,0.0193846,1.9787
0.0193846,1.9787,0.0174231,1.98068
0.0174231,1.98068,0.0154578,1.98266
0.0154578,1.98266,0.0134884,1.98464
0.0134884,1.98464,0.0115152,1.98662
0.0115152,1.98662,0.00953806,1.9886
0.00953806,1.9886,0.00755696,1.99059
0.00755696,1.99059,0.00557191,1.99258
0.00557191,1.99258,0.0035829,1.99457
0.0035829,1.99457,0.00158991,1.99656
0.00158991,1.99656,-0.000407051,1.99855
