-5,-0,-5,-0.001
-5,-0.001,-5,-0.002
-5,-0.002,-5,-0.003
-5,-0.003,-4.99999,-0.004
-4.99999,-0.004,-4.99999,-0.005
-4.99999,-0.005,-4.99999,-0.00600001
-4.99999,-0.00600001,-4.99999,-0.00700002
-4.99999,-0.00700002,-4.99998,-0.00800003
-4.99998,-0.00800003,-4.99998,-0.00900004
-4.99998,-0.00900004,-4.99997,-0.0100001
-4.99997,-0.0100001,-4.99997,-0.0110001
-4.99997,-0.0110001,-4.99996,-0.0120001
-4.99996,-0.0120001,-4.99995,-0.0130001
-4.99995,-0.0130001,-4.99995,-0.0140002
-4.99995,-0.0140002,-4.99994,-0.0150002
-4.99994,-0.0150002,-4.99993,-0.0160003
-4.99993,-0.0160003,-4.99992,-0.0170003
-4.99992,-0.0170003,-4.99991,-0.0180004
-4.99991,-0.0180004,-4.9999,-0.0190005
-4.9999,-0.0190005,-4.99989,-0.0200006
-4.99989,-0.0200006,-4.99988,-0.0210007
-4.99988,-0.0210007,-4.99987,-0.0220008
-4.99987,-0.0220008,-4.99986,-0.0230009
-4.99986,-0.0230009,-4.99985,-0.024001
-4.99985,-0.024001,-4.99984,-0.0250011
-4.99984,-0.0250011,-4.99982,-0.0260013
-4.99982,-0.0260013,-4.99981,-0.0270015
-4.99981,-0.0270015,-4.9998,-0.0280016
-4.9998,-0.0280016,-4.99978,-0.0290018
-4.99978,-0.0290018,-4.99977,-0.030002
-4.99977,-0.030002,-4.99975,-0.0310022
-4.99975,-0.0310022,-4.99974,-0.0320025
-4.99974,-0.0320025,-4.99972,-0.0330027
-4.99972,-0.0330027,-4.9997,-0.034003
-4.9997,-0.034003,-4.99968,-0.0350033
-4.99968,-0.0350033,-4.99967,-0.0360036
-4.99967,-0.0360036,-4.99965,-0.0370039
-4.99965,-0.0370039,-4.99963,-0.0380042
-4.99963,-0.0380042,-4.99961,-0.0390046
-4.99961,-0.0390046,-4.99959,-0.0400049
-4.99959,-0.0400049,-4.99957,-0.0410053
-4.99957,-0.0410053,-4.99955,-0.0420057
-4.99955,-0.0420057,-4.99953,-0.0430062
-4.99953,-0.0430062,-4.9995,-0.0440066
-4.9995,-0.0440066,-4.99948,-0.0450071
-4.99948,-0.0450071,-4.99946,-0.0460076
-4.99946,-0.0460076,-4.99944,-0.0470081
-4.99944,-0.0470081,-4.99941,-0.0480086
-4.99941,-0.0480086,-4.99939,-0.0490092
-4.99939,-0.0490092,-4.99936,-0.0500098
-4.99936,-0.0500098,-4.99934,-0.0510104
-4.99934,-0.0510104,-4.99931,-0.052011
-4.99931,-0.052011,-4.99928,-0.0530117
-4.99928,-0.0530117,-4.99926,-0.0540124
-4.99926,-0.0540124,-4.99923,-0.0550131
-4.99923,-0.0550131,-4.9992,-0.0560139
-4.9992,-0.0560139,-4.99917,-0.0570146
-4.99917,-0.0570146,-4.99914,-0.0580154
-4.99914,-0.0580154,-4.99911,-0.0590162
-4.99911,-0.0590162,-4.99908,-0.0600171
-4.99908,-0.0600171,-4.99905,-0.061018
-4.99905,-0.061018,-4.99902,-0.0620189
-4.99902,-0.0620189,-4.99899,-0.0630199
-4.99899,-0.0630199,-4.99896,-0.0640208
-4.99896,-0.0640208,-4.99893,-0.0650218
-4.99893,-0.0650218,-4.99889,-0.0660229
-4.99889,-0.0660229,-4.99886,-0.067024
-4.99886,-0.067024,-4.99883,-0.0680251
-4.99883,-0.0680251,-4.99879,-0.0690262
-4.99879,-0.0690262,-4.99876,-0.0700274
-4.99876,-0.0700274,-4.99872,-0.0710286
-4.99872,-0.0710286,-4.99868,-0.0720298
-4.99868,-0.0720298,-4.99865,-0.0730311
-4.99865,-0.0730311,-4.99861,-0.0740324
-4.99861,-0.0740324,-4.99857,-0.0750338
-4.99857,-0.0750338,-4.99854,-0.0760352
-4.99854,-0.0760352,-4.9985,-0.0770366
-4.9985,-0.0770366,-4.99846,-0.078038
-4.99846,-0.078038,-4.99842,-0.0790395
-4.99842,-0.0790395,-4.99838,-0.0800411
-4.99838,-0.0800411,-4.99834,-0.0810427
-4.99834,-0.0810427,-4.9983,-0.0820443
-4.9983,-0.0820443,-4.99826,-0.083046
-4.99826,-0.083046,-4.99821,-0.0840477
-4.99821,-0.0840477,-4.99817,-0.0850494
-4.99817,-0.0850494,-4.99813,-0.0860512
-4.99813,-0.0860512,-4.99808,-0.087053
-4.99808,-0.087053,-4.99804,-0.0880549
-4.99804,-0.0880549,-4.99799,-0.0890568
-4.99799,-0.0890568,-4.99795,-0.0900588
-4.99795,-0.0900588,-4.9979,-0.0910608
-4.9979,-0.0910608,-4.99786,-0.0920628
-4.99786,-0.0920628,-4.99781,-0.0930649
-4.99781,-0.0930649,-4.99776,-0.0940671
-4.99776,-0.0940671,-4.99772,-0.0950692
-4.99772,-0.0950692,-4.99767,-0.0960715
-4.99767,-0.0960715,-4.99762,-0.0970738
-4.99762,-0.0970738,-4.99757,-0.0980761
-4.99757,-0.0980761,-4.99752,-0.0990785
-4.99752,-0.0990785,-4.99747,-0.100081
-4.99747,-0.100081,-4.99742,-0.101083
-4.99742,-0.101083,-4.99737,-0.102086
-4.99737,-0.102086,-4.99732,-0.103088
-4.99732,-0.103088,-4.99727,-0.104091
-4.99727,-0.104091,-4.99721,-0.105094
-4.99721,-0.105094,-4.99716,-0.106097
-4.99716,-0.106097,-4.99711,-0.107099
-4.99711,-0.107099,-4.99705,-0.108102
-4.99705,-0.108102,-4.997,-0.109105
-4.997,-0.109105,-4.99694,-0.110108
-4.99694,-0.110108,-4.99689,-0.111111
-4.99689,-0.111111,-4.99683,-0.112114
-4.99683,-0.112114,-4.99677,-0.113117
-4.99677,-0.113117,-4.99672,-0.11412
-4.99672,-0.11412,-4.99666,-0.115124
-4.99666,-0.115124,-4.9966,-0.116127
-4.9966,-0.116127,-4.99654,-0.11713
-4.99654,-0.11713,-4.99648,-0.118134
-4.99648,-0.118134,-4.99642,-0.119137
-4.99642,-0.119137,-4.99636,-0.120141
-4.99636,-0.120141,-4.9963,-0.121144
-4.9963,-0.121144,-4.99624,-0.122148
-4.99624,-0.122148,-4.99618,-0.123152
-4.99618,-0.123152,-4.99612,-0.124155
-4.99612,-0.124155,-4.99605,-0.125159
-4.99605,-0.125159,-4.99599,-0.126163
-4.99599,-0.126163,-4.99593,-0.127167
-4.99593,-0.127167,-4.99586,-0.128171
-4.99586,-0.128171,-4.9958,-0.129175
-4.9958,-0.129175,-4.99573,-0.130179
-4.99573,-0.130179,-4.99566,-0.131183
-4.99566,-0.131183,-4.9956,-0.132188
-4.9956,-0.132188,-4.99553,-0.133192
-4.99553,-0.133192,-4.99546,-0.134196
-4.99546,-0.134196,-4.9954,-0.135201
-4.9954,-0.135201,-4.99533,-0.136205
-4.99533,-0.136205,-4.99526,-0.13721
-4.99526,-0.13721,-4.99519,-0.138215
-4.99519,-0.138215,-4.99512,-0.139219
-4.99512,-0.139219,-4.99505,-0.140224
-4.99505,-0.140224,-4.99498,-0.141229
-4.99498,-0.141229,-4.99491,-0.142234
-4.99491,-0.142234,-4.99483,-0.143239
-4.99483,-0.143239,-4.99476,-0.144244
-4.99476,-0.144244,-4.99469,-0.145249
-4.99469,-0.145249,-4.99462,-0.146255
-4.99462,-0.146255,-4.99454,-0.14726
-4.99454,-0.14726,-4.99447,-0.148265
-4.99447,-0.148265,-4.99439,-0.149271
-4.99439,-0.149271,-4.99432,-0.150276
-4.99432,-0.150276,-4.99424,-0.151282
-4.99424,-0.151282,-4.99416,-0.152288
-4.99416,-0.152288,-4.99409,-0.153293
-4.99409,-0.153293,-4.99401,-0.154299
-4.99401,-0.154299,-4.99393,-0.155305
-4.99393,-0.155305,-4.99385,-0.156311
-4.99385,-0.156311,-4.99377,-0.157317
-4.99377,-0.157317,-4.99369,-0.158323
-4.99369,-0.158323,-4.99361,-0.159329
-4.99361,-0.159329,-4.99353,-0.160336
-4.99353,-0.160336,-4.99345,-0.161342
-4.99345,-0.161342,-4.99337,-0.162349
-4.99337,-0.162349,-4.99329,-0.163355
-4.99329,-0.163355,-4.9932,-0.164362
-4.9932,-0.164362,-4.99312,-0.165368
-4.99312,-0.165368,-4.99304,-0.166375
-4.99304,-0.166375,-4.99295,-0.167382
-4.99295,-0.167382,-4.99287,-0.168389
-4.99287,-0.168389,-4.99278,-0.169396
-4.99278,-0.169396,-4.9927,-0.170403
-4.9927,-0.170403,-4.99261,-0.171411
-4.99261,-0.171411,-4.99252,-0.172418
-4.99252,-0.172418,-4.99244,-0.173425
-4.99244,-0.173425,-4.99235,-0.174433
-4.99235,-0.174433,-4.99226,-0.17544
-4.99226,-0.17544,-4.99217,-0.176448
-4.99217,-0.176448,-4.99208,-0.177456
-4.99208,-0.177456,-4.99199,-0.178463
-4.99199,-0.178463,-4.9919,-0.179471
-4.9919,-0.179471,-4.99181,-0.180479
-4.99181,-0.180479,-4.99172,-0.181487
-4.99172,-0.181487,-4.99163,-0.182496
-4.99163,-0.182496,-4.99153,-0.183504
-4.99153,-0.183504,-4.99144,-0.184512
-4.99144,-0.184512,-4.99135,-0.185521
-4.99135,-0.185521,-4.99125,-0.186529
-4.99125,-0.186529,-4.99116,-0.187538
-4.99116,-0.187538,-4.99106,-0.188547
-4.99106,-0.188547,-4.99097,-0.189556
-4.99097,-0.189556,-4.99087,-0.190565
-4.99087,-0.190565,-4.99078,-0.191574
-4.99078,-0.191574,-4.99068,-0.192583
-4.99068,-0.192583,-4.99058,-0.193592
-4.99058,-0.193592,-4.99048,-0.194601
-4.99048,-0.194601,-4.99038,-0.195611
-4.99038,-0.195611,-4.99029,-0.19662
-4.99029,-0.19662,-4.99019,-0.19763
-4.99019,-0.19763,-4.99009,-0.198639
-4.99009,-0.198639,-4.98998,-0.199649
-4.98998,-0.199649,-4.98988,-0.200659
-4.98988,-0.200659,-4.98978,-0.201669
-4.98978,-0.201669,-4.98968,-0.202679
-4.98968,-0.202679,-4.98958,-0.20369
-4.98958,-0.20369,-4.98947,-0.2047
-4.98947,-0.2047,-4.98937,-0.20571
-4.98937,-0.20571,-4.98926,-0.206721
-4.98926,-0.206721,-4.98916,-0.207731
-4.98916,-0.207731,-4.98905,-0.208742
-4.98905,-0.208742,-4.98895,-0.209753
-4.98895,-0.209753,-4.98884,-0.210764
-4.98884,-0.210764,-4.98873,-0.211775
-4.98873,-0.211775,-4.98863,-0.212786
-4.98863,-0.212786,-4.98852,-0.213797
-4.98852,-0.213797,-4.98841,-0.214809
-4.98841,-0.214809,-4.9883,-0.21582
-4.9883,-0.21582,-4.98819,-0.216832
-4.98819,-0.216832,-4.98808,-0.217844
-4.98808,-0.217844,-4.98797,-0.218855
-4.98797,-0.218855,-4.98786,-0.219867
-4.98786,-0.219867,-4.98775,-0.220879
-4.98775,-0.220879,-4.98763,-0.221891
-4.98763,-0.221891,-4.98752,-0.222904
-4.98752,-0.222904,-4.98741,-0.223916
-4.98741,-0.223916,-4.98729,-0.224929
-4.98729,-0.224929,-4.98718,-0.225941
-4.98718,-0.225941,-4.98706,-0.226954
-4.98706,-0.226954,-4.98695,-0.227967
-4.98695,-0.227967,-4.98683,-0.22898
-4.98683,-0.22898,-4.98672,-0.229993
-4.98672,-0.229993,-4.9866,-0.231006
-4.9866,-0.231006,-4.98648,-0.232019
-4.98648,-0.232019,-4.98636,-0.233032
-4.98636,-0.233032,-4.98625,-0.234046
-4.98625,-0.234046,-4.98613,-0.23506
-4.98613,-0.23506,-4.98601,-0.236073
-4.98601,-0.236073,-4.98589,-0.237087
-4.98589,-0.237087,-4.98577,-0.238101
-4.98577,-0.238101,-4.98564,-0.239115
-4.98564,-0.239115,-4.98552,-0.24013
-4.98552,-0.24013,-4.9854,-0.241144
-4.9854,-0.241144,-4.98528,-0.242158
-4.98528,-0.242158,-4.98515,-0.243173
-4.98515,-0.243173,-4.98503,-0.244188
-4.98503,-0.244188,-4.98491,-0.245203
-4.98491,-0.245203,-4.98478,-0.246218
-4.98478,-0.246218,-4.98466,-0.247233
-4.98466,-0.247233,-4.98453,-0.248248
-4.98453,-0.248248,-4.9844,-0.249263
-4.9844,-0.249263,-4.98428,-0.250279
-4.98428,-0.250279,-4.98415,-0.251294
-4.98415,-0.251294,-4.98402,-0.25231
-4.98402,-0.25231,-4.98389,-0.253326
-4.98389,-0.253326,-4.98376,-0.254342
-4.98376,-0.254342,-4.98363,-0.255358
-4.98363,-0.255358,-4.9835,-0.256374
-4.9835,-0.256374,-4.98337,-0.257391
-4.98337,-0.257391,-4.98324,-0.258407
-4.98324,-0.258407,-4.98311,-0.259424
-4.98311,-0.259424,-4.98298,-0.26044
-4.98298,-0.26044,-4.98284,-0.261457
-4.98284,-0.261457,-4.98271,-0.262474
-4.98271,-0.262474,-4.98258,-0.263491
-4.98258,-0.263491,-4.98244,-0.264509
-4.98244,-0.264509,-4.98231,-0.265526
-4.98231,-0.265526,-4.98217,-0.266544
-4.98217,-0.266544,-4.98203,-0.267561
-4.98203,-0.267561,-4.9819,-0.268579
-4.9819,-0.268579,-4.98176,-0.269597
-4.98176,-0.269597,-4.98162,-0.270615
-4.98162,-0.270615,-4.98148,-0.271634
-4.98148,-0.271634,-4.98134,-0.272652
-4.98134,-0.272652,-4.98121,-0.27367
-4.98121,-0.27367,-4.98107,-0.274689
-4.98107,-0.274689,-4.98092,-0.275708
-4.98092,-0.275708,-4.98078,-0.276727
-4.98078,-0.276727,-4.98064,-0.277746
-4.98064,-0.277746,-4.9805,-0.278765
-4.9805,-0.278765,-4.98036,-0.279784
-4.98036,-0.279784,-4.98021,-0.280804
-4.98021,-0.280804,-4.98007,-0.281824
-4.98007,-0.281824,-4.97993,-0.282843
-4.97993,-0.282843,-4.97978,-0.283863
-4.97978,-0.283863,-4.97964,-0.284883
-4.97964,-0.284883,-4.97949,-0.285904
-4.97949,-0.285904,-4.97934,-0.286924
-4.97934,-0.286924,-4.9792,-0.287944
-4.9792,-0.287944,-4.97905,-0.288965
-4.97905,-0.288965,-4.9789,-0.289986
-4.9789,-0.289986,-4.97875,-0.291007
-4.97875,-0.291007,-4.9786,-0.292028
-4.9786,-0.292028,-4.97845,-0.293049
-4.97845,-0.293049,-4.9783,-0.294071
-4.9783,-0.294071,-4.97815,-0.295092
-4.97815,-0.295092,-4.978,-0.296114
-4.978,-0.296114,-4.97785,-0.297136
-4.97785,-0.297136,-4.9777,-0.298158
-4.9777,-0.298158,-4.97754,-0.29918
-4.97754,-0.29918,-4.97739,-0.300202
-4.97739,-0.300202,-4.97724,-0.301225
-4.97724,-0.301225,-4.97708,-0.302247
-4.97708,-0.302247,-4.97693,-0.30327
-4.97693,-0.30327,-4.97677,-0.304293
-4.97677,-0.304293,-4.97662,-0.305316
-4.97662,-0.305316,-4.97646,-0.306339
-4.97646,-0.306339,-4.9763,-0.307362
-4.9763,-0.307362,-4.97614,-0.308386
-4.97614,-0.308386,-4.97599,-0.30941
-4.97599,-0.30941,-4.97583,-0.310434
-4.97583,-0.310434,-4.97567,-0.311458
-4.97567,-0.311458,-4.97551,-0.312482
-4.97551,-0.312482,-4.97535,-0.313506
-4.97535,-0.313506,-4.97519,-0.314531
-4.97519,-0.314531,-4.97502,-0.315555
-4.97502,-0.315555,-4.97486,-0.31658
-4.97486,-0.31658,-4.9747,-0.317605
-4.9747,-0.317605,-4.97454,-0.31863
-4.97454,-0.31863,-4.97437,-0.319655
-4.97437,-0.319655,-4.97421,-0.320681
-4.97421,-0.320681,-4.97404,-0.321706
-4.97404,-0.321706,-4.97388,-0.322732
-4.97388,-0.322732,-4.97371,-0.323758
-4.97371,-0.323758,-4.97354,-0.324784
-4.97354,-0.324784,-4.97338,-0.325811
-4.97338,-0.325811,-4.97321,-0.326837
-4.97321,-0.326837,-4.97304,-0.327864
-4.97304,-0.327864,-4.97287,-0.32889
-4.97287,-0.32889,-4.9727,-0.329917
-4.9727,-0.329917,-4.97253,-0.330945
-4.97253,-0.330945,-4.97236,-0.331972
-4.97236,-0.331972,-4.97219,-0.332999
-4.97219,-0.332999,-4.97202,-0.334027
-4.97202,-0.334027,-4.97185,-0.335055
-4.97185,-0.335055,-4.97167,-0.336083
-4.97167,-0.336083,-4.9715,-0.337111
-4.9715,-0.337111,-4.97133,-0.338139
-4.97133,-0.338139,-4.97115,-0.339168
-4.97115,-0.339168,-4.97098,-0.340196
-4.97098,-0.340196,-4.9708,-0.341225
-4.9708,-0.341225,-4.97063,-0.342254
-4.97063,-0.342254,-4.97045,-0.343283
-4.97045,-0.343283,-4.97027,-0.344313
-4.97027,-0.344313,-4.97009,-0.345342
-4.97009,-0.345342,-4.96992,-0.346372
-4.96992,-0.346372,-4.96974,-0.347402
-4.96974,-0.347402,-4.96956,-0.348432
-4.96956,-0.348432,-4.96938,-0.349462
-4.96938,-0.349462,-4.9692,-0.350493
-4.9692,-0.350493,-4.96901,-0.351523
-4.96901,-0.351523,-4.96883,-0.352554
-4.96883,-0.352554,-4.96865,-0.353585
-4.96865,-0.353585,-4.96847,-0.354616
-4.96847,-0.354616,-4.96828,-0.355648
-4.96828,-0.355648,-4.9681,-0.356679
-4.9681,-0.356679,-4.96792,-0.357711
-4.96792,-0.357711,-4.96773,-0.358743
-4.96773,-0.358743,-4.96755,-0.359775
-4.96755,-0.359775,-4.96736,-0.360807
-4.96736,-0.360807,-4.96717,-0.36184
-4.96717,-0.36184,-4.96698,-0.362872
-4.96698,-0.362872,-4.9668,-0.363905
-4.9668,-0.363905,-4.96661,-0.364938
-4.96661,-0.364938,-4.96642,-0.365971
-4.96642,-0.365971,-4.96623,-0.367005
-4.96623,-0.367005,-4.96604,-0.368038
-4.96604,-0.368038,-4.96585,-0.369072
-4.96585,-0.369072,-4.96566,-0.370106
-4.96566,-0.370106,-4.96546,-0.37114
-4.96546,-0.37114,-4.96527,-0.372174
-4.96527,-0.372174,-4.96508,-0.373209
-4.96508,-0.373209,-4.96489,-0.374244
-4.96489,-0.374244,-4.96469,-0.375278
-4.96469,-0.375278,-4.9645,-0.376314
-4.9645,-0.376314,-4.9643,-0.377349
-4.9643,-0.377349,-4.96411,-0.378384
-4.96411,-0.378384,-4.96391,-0.37942
-4.96391,-0.37942,-4.96371,-0.380456
-4.96371,-0.380456,-4.96351,-0.381492
-4.96351,-0.381492,-4.96332,-0.382528
-4.96332,-0.382528,-4.96312,-0.383565
-4.96312,-0.383565,-4.96292,-0.384601
-4.96292,-0.384601,-4.96272,-0.385638
-4.96272,-0.385638,-4.96252,-0.386675
-4.96252,-0.386675,-4.96232,-0.387713
-4.96232,-0.387713,-4.96211,-0.38875
-4.96211,-0.38875,-4.96191,-0.389788
-4.96191,-0.389788,-4.96171,-0.390826
-4.96171,-0.390826,-4.96151,-0.391864
-4.96151,-0.391864,-4.9613,-0.392902
-4.9613,-0.392902,-4.9611,-0.393941
-4.9611,-0.393941,-4.96089,-0.394979
-4.96089,-0.394979,-4.96069,-0.396018
-4.96069,-0.396018,-4.96048,-0.397057
-4.96048,-0.397057,-4.96027,-0.398097
-4.96027,-0.398097,-4.96007,-0.399136
-4.96007,-0.399136,-4.95986,-0.400176
-4.95986,-0.400176,-4.95965,-0.401216
-4.95965,-0.401216,-4.95944,-0.402256
-4.95944,-0.402256,-4.95923,-0.403296
-4.95923,-0.403296,-4.95902,-0.404337
-4.95902,-0.404337,-4.95881,-0.405378
-4.95881,-0.405378,-4.9586,-0.406418
-4.9586,-0.406418,-4.95838,-0.40746
-4.95838,-0.40746,-4.95817,-0.408501
-4.95817,-0.408501,-4.95796,-0.409543
-4.95796,-0.409543,-4.95774,-0.410584
-4.95774,-0.410584,-4.95753,-0.411627
-4.95753,-0.411627,-4.95731,-0.412669
-4.95731,-0.412669,-4.9571,-0.413711
-4.9571,-0.413711,-4.95688,-0.414754
-4.95688,-0.414754,-4.95667,-0.415797
-4.95667,-0.415797,-4.95645,-0.41684
-4.95645,-0.41684,-4.95623,-0.417883
-4.95623,-0.417883,-4.95601,-0.418927
-4.95601,-0.418927,-4.95579,-0.41997
-4.95579,-0.41997,-4.95557,-0.421014
-4.95557,-0.421014,-4.95535,-0.422059
-4.95535,-0.422059,-4.95513,-0.423103
-4.95513,-0.423103,-4.95491,-0.424148
-4.95491,-0.424148,-4.95469,-0.425193
-4.95469,-0.425193,-4.95446,-0.426238
-4.95446,-0.426238,-4.95424,-0.427283
-4.95424,-0.427283,-4.95402,-0.428328
-4.95402,-0.428328,-4.95379,-0.429374
-4.95379,-0.429374,-4.95357,-0.43042
-4.95357,-0.43042,-4.95334,-0.431466
-4.95334,-0.431466,-4.95312,-0.432513
-4.95312,-0.432513,-4.95289,-0.433559
-4.95289,-0.433559,-4.95266,-0.434606
-4.95266,-0.434606,-4.95243,-0.435653
-4.95243,-0.435653,-4.9522,-0.436701
-4.9522,-0.436701,-4.95197,-0.437748
-4.95197,-0.437748,-4.95174,-0.438796
-4.95174,-0.438796,-4.95151,-0.439844
-4.95151,-0.439844,-4.95128,-0.440892
-4.95128,-0.440892,-4.95105,-0.441941
-4.95105,-0.441941,-4.95082,-0.44299
-4.95082,-0.44299,-4.95059,-0.444038
-4.95059,-0.444038,-4.95035,-0.445088
-4.95035,-0.445088,-4.95012,-0.446137
-4.95012,-0.446137,-4.94988,-0.447187
-4.94988,-0.447187,-4.94965,-0.448237
-4.94965,-0.448237,-4.94941,-0.449287
-4.94941,-0.449287,-4.94918,-0.450337
-4.94918,-0.450337,-4.94894,-0.451388
-4.94894,-0.451388,-4.9487,-0.452438
-4.9487,-0.452438,-4.94846,-0.453489
-4.94846,-0.453489,-4.94822,-0.454541
-4.94822,-0.454541,-4.94798,-0.455592
-4.94798,-0.455592,-4.94774,-0.456644
-4.94774,-0.456644,-4.9475,-0.457696
-4.9475,-0.457696,-4.94726,-0.458748
-4.94726,-0.458748,-4.94702,-0.459801
-4.94702,-0.459801,-4.94678,-0.460853
-4.94678,-0.460853,-4.94653,-0.461906
-4.94653,-0.461906,-4.94629,-0.46296
-4.94629,-0.46296,-4.94604,-0.464013
-4.94604,-0.464013,-4.9458,-0.465067
-4.9458,-0.465067,-4.94555,-0.466121
-4.94555,-0.466121,-4.94531,-0.467175
-4.94531,-0.467175,-4.94506,-0.468229
-4.94506,-0.468229,-4.94481,-0.469284
-4.94481,-0.469284,-4.94457,-0.470339
-4.94457,-0.470339,-4.94432,-0.471394
-4.94432,-0.471394,-4.94407,-0.472449
-4.94407,-0.472449,-4.94382,-0.473505
-4.94382,-0.473505,-4.94357,-0.474561
-4.94357,-0.474561,-4.94332,-0.475617
-4.94332,-0.475617,-4.94306,-0.476674
-4.94306,-0.476674,-4.94281,-0.47773
-4.94281,-0.47773,-4.94256,-0.478787
-4.94256,-0.478787,-4.9423,-0.479844
-4.9423,-0.479844,-4.94205,-0.480902
-4.94205,-0.480902,-4.94179,-0.481959
-4.94179,-0.481959,-4.94154,-0.483017
-4.94154,-0.483017,-4.94128,-0.484076
-4.94128,-0.484076,-4.94103,-0.485134
-4.94103,-0.485134,-4.94077,-0.486193
-4.94077,-0.486193,-4.94051,-0.487252
-4.94051,-0.487252,-4.94025,-0.488311
-4.94025,-0.488311,-4.93999,-0.48937
-4.93999,-0.48937,-4.93973,-0.49043
-4.93973,-0.49043,-4.93947,-0.49149
-4.93947,-0.49149,-4.93921,-0.49255
-4.93921,-0.49255,-4.93895,-0.493611
-4.93895,-0.493611,-4.93869,-0.494672
-4.93869,-0.494672,-4.93842,-0.495733
-4.93842,-0.495733,-4.93816,-0.496794
-4.93816,-0.496794,-4.9379,-0.497856
-4.9379,-0.497856,-4.93763,-0.498917
-4.93763,-0.498917,-4.93737,-0.499979
-4.93737,-0.499979,-4.9371,-0.501042
-4.9371,-0.501042,-4.93683,-0.502104
-4.93683,-0.502104,-4.93656,-0.503167
-4.93656,-0.503167,-4.9363,-0.50423
-4.9363,-0.50423,-4.93603,-0.505294
-4.93603,-0.505294,-4.93576,-0.506358
-4.93576,-0.506358,-4.93549,-0.507421
-4.93549,-0.507421,-4.93522,-0.508486
-4.93522,-0.508486,-4.93495,-0.50955
-4.93495,-0.50955,-4.93467,-0.510615
-4.93467,-0.510615,-4.9344,-0.51168
-4.9344,-0.51168,-4.93413,-0.512745
-4.93413,-0.512745,-4.93385,-0.513811
-4.93385,-0.513811,-4.93358,-0.514877
-4.93358,-0.514877,-4.93331,-0.515943
-4.93331,-0.515943,-4.93303,-0.517009
-4.93303,-0.517009,-4.93275,-0.518076
-4.93275,-0.518076,-4.93248,-0.519143
-4.93248,-0.519143,-4.9322,-0.52021
-4.9322,-0.52021,-4.93192,-0.521278
-4.93192,-0.521278,-4.93164,-0.522345
-4.93164,-0.522345,-4.93136,-0.523413
-4.93136,-0.523413,-4.93108,-0.524482
-4.93108,-0.524482,-4.9308,-0.52555
-4.9308,-0.52555,-4.93052,-0.526619
-4.93052,-0.526619,-4.93024,-0.527688
-4.93024,-0.527688,-4.92995,-0.528758
-4.92995,-0.528758,-4.92967,-0.529828
-4.92967,-0.529828,-4.92939,-0.530898
-4.92939,-0.530898,-4.9291,-0.531968
-4.9291,-0.531968,-4.92882,-0.533039
-4.92882,-0.533039,-4.92853,-0.534109
-4.92853,-0.534109,-4.92824,-0.535181
-4.92824,-0.535181,-4.92796,-0.536252
-4.92796,-0.536252,-4.92767,-0.537324
-4.92767,-0.537324,-4.92738,-0.538396
-4.92738,-0.538396,-4.92709,-0.539468
-4.92709,-0.539468,-4.9268,-0.540541
-4.9268,-0.540541,-4.92651,-0.541614
-4.92651,-0.541614,-4.92622,-0.542687
-4.92622,-0.542687,-4.92593,-0.54376
-4.92593,-0.54376,-4.92563,-0.544834
-4.92563,-0.544834,-4.92534,-0.545908
-4.92534,-0.545908,-4.92505,-0.546982
-4.92505,-0.546982,-4.92475,-0.548057
-4.92475,-0.548057,-4.92446,-0.549132
-4.92446,-0.549132,-4.92416,-0.550207
-4.92416,-0.550207,-4.92386,-0.551283
-4.92386,-0.551283,-4.92357,-0.552358
-4.92357,-0.552358,-4.92327,-0.553435
-4.92327,-0.553435,-4.92297,-0.554511
-4.92297,-0.554511,-4.92267,-0.555588
-4.92267,-0.555588,-4.92237,-0.556665
-4.92237,-0.556665,-4.92207,-0.557742
-4.92207,-0.557742,-4.92177,-0.55882
-4.92177,-0.55882,-4.92147,-0.559897
-4.92147,-0.559897,-4.92116,-0.560976
-4.92116,-0.560976,-4.92086,-0.562054
-4.92086,-0.562054,-4.92056,-0.563133
-4.92056,-0.563133,-4.92025,-0.564212
-4.92025,-0.564212,-4.91995,-0.565292
-4.91995,-0.565292,-4.91964,-0.566371
-4.91964,-0.566371,-4.91934,-0.567451
-4.91934,-0.567451,-4.91903,-0.568532
-4.91903,-0.568532,-4.91872,-0.569612
-4.91872,-0.569612,-4.91841,-0.570693
-4.91841,-0.570693,-4.9181,-0.571774
-4.9181,-0.571774,-4.91779,-0.572856
-4.91779,-0.572856,-4.91748,-0.573938
-4.91748,-0.573938,-4.91717,-0.57502
-4.91717,-0.57502,-4.91686,-0.576103
-4.91686,-0.576103,-4.91655,-0.577185
-4.91655,-0.577185,-4.91623,-0.578268
-4.91623,-0.578268,-4.91592,-0.579352
-4.91592,-0.579352,-4.9156,-0.580436
-4.9156,-0.580436,-4.91529,-0.58152
-4.91529,-0.58152,-4.91497,-0.582604
-4.91497,-0.582604,-4.91466,-0.583689
-4.91466,-0.583689,-4.91434,-0.584774
-4.91434,-0.584774,-4.91402,-0.585859
-4.91402,-0.585859,-4.9137,-0.586945
-4.9137,-0.586945,-4.91338,-0.588031
-4.91338,-0.588031,-4.91306,-0.589117
-4.91306,-0.589117,-4.91274,-0.590203
-4.91274,-0.590203,-4.91242,-0.59129
-4.91242,-0.59129,-4.9121,-0.592378
-4.9121,-0.592378,-4.91178,-0.593465
-4.91178,-0.593465,-4.91145,-0.594553
-4.91145,-0.594553,-4.91113,-0.595641
-4.91113,-0.595641,-4.9108,-0.59673
-4.9108,-0.59673,-4.91048,-0.597818
-4.91048,-0.597818,-4.91015,-0.598908
-4.91015,-0.598908,-4.90982,-0.599997
-4.90982,-0.599997,-4.9095,-0.601087
-4.9095,-0.601087,-4.90917,-0.602177
-4.90917,-0.602177,-4.90884,-0.603268
-4.90884,-0.603268,-4.90851,-0.604358
-4.90851,-0.604358,-4.90818,-0.605449
-4.90818,-0.605449,-4.90785,-0.606541
-4.90785,-0.606541,-4.90752,-0.607633
-4.90752,-0.607633,-4.90718,-0.608725
-4.90718,-0.608725,-4.90685,-0.609817
-4.90685,-0.609817,-4.90652,-0.61091
-4.90652,-0.61091,-4.90618,-0.612003
-4.90618,-0.612003,-4.90585,-0.613097
-4.90585,-0.613097,-4.90551,-0.61419
-4.90551,-0.61419,-4.90517,-0.615285
-4.90517,-0.615285,-4.90484,-0.616379
-4.90484,-0.616379,-4.9045,-0.617474
-4.9045,-0.617474,-4.90416,-0.618569
-4.90416,-0.618569,-4.90382,-0.619664
-4.90382,-0.619664,-4.90348,-0.62076
-4.90348,-0.62076,-4.90314,-0.621856
-4.90314,-0.621856,-4.9028,-0.622953
-4.9028,-0.622953,-4.90245,-0.62405
-4.90245,-0.62405,-4.90211,-0.625147
-4.90211,-0.625147,-4.90177,-0.626244
-4.90177,-0.626244,-4.90142,-0.627342
-4.90142,-0.627342,-4.90108,-0.62844
-4.90108,-0.62844,-4.90073,-0.629539
-4.90073,-0.629539,-4.90039,-0.630638
-4.90039,-0.630638,-4.90004,-0.631737
-4.90004,-0.631737,-4.89969,-0.632837
-4.89969,-0.632837,-4.89934,-0.633936
-4.89934,-0.633936,-4.89899,-0.635037
-4.89899,-0.635037,-4.89864,-0.636137
-4.89864,-0.636137,-4.89829,-0.637238
-4.89829,-0.637238,-4.89794,-0.63834
-4.89794,-0.63834,-4.89759,-0.639441
-4.89759,-0.639441,-4.89723,-0.640543
-4.89723,-0.640543,-4.89688,-0.641646
-4.89688,-0.641646,-4.89653,-0.642748
-4.89653,-0.642748,-4.89617,-0.643851
-4.89617,-0.643851,-4.89581,-0.644955
-4.89581,-0.644955,-4.89546,-0.646059
-4.89546,-0.646059,-4.8951,-0.647163
-4.8951,-0.647163,-4.89474,-0.648267
-4.89474,-0.648267,-4.89438,-0.649372
-4.89438,-0.649372,-4.89402,-0.650477
-4.89402,-0.650477,-4.89366,-0.651583
-4.89366,-0.651583,-4.8933,-0.652689
-4.8933,-0.652689,-4.89294,-0.653795
-4.89294,-0.653795,-4.89258,-0.654902
-4.89258,-0.654902,-4.89221,-0.656009
-4.89221,-0.656009,-4.89185,-0.657116
-4.89185,-0.657116,-4.89149,-0.658224
-4.89149,-0.658224,-4.89112,-0.659332
-4.89112,-0.659332,-4.89075,-0.660441
-4.89075,-0.660441,-4.89039,-0.661549
-4.89039,-0.661549,-4.89002,-0.662659
-4.89002,-0.662659,-4.88965,-0.663768
-4.88965,-0.663768,-4.88928,-0.664878
-4.88928,-0.664878,-4.88891,-0.665988
-4.88891,-0.665988,-4.88854,-0.667099
-4.88854,-0.667099,-4.88817,-0.66821
-4.88817,-0.66821,-4.8878,-0.669322
-4.8878,-0.669322,-4.88743,-0.670433
-4.88743,-0.670433,-4.88705,-0.671545
-4.88705,-0.671545,-4.88668,-0.672658
-4.88668,-0.672658,-4.8863,-0.673771
-4.8863,-0.673771,-4.88593,-0.674884
-4.88593,-0.674884,-4.88555,-0.675998
-4.88555,-0.675998,-4.88517,-0.677112
-4.88517,-0.677112,-4.88479,-0.678226
-4.88479,-0.678226,-4.88442,-0.679341
-4.88442,-0.679341,-4.88404,-0.680456
-4.88404,-0.680456,-4.88366,-0.681572
-4.88366,-0.681572,-4.88327,-0.682688
-4.88327,-0.682688,-4.88289,-0.683804
-4.88289,-0.683804,-4.88251,-0.684921
-4.88251,-0.684921,-4.88213,-0.686038
-4.88213,-0.686038,-4.88174,-0.687155
-4.88174,-0.687155,-4.88136,-0.688273
-4.88136,-0.688273,-4.88097,-0.689391
-4.88097,-0.689391,-4.88059,-0.69051
-4.88059,-0.69051,-4.8802,-0.691629
-4.8802,-0.691629,-4.87981,-0.692748
-4.87981,-0.692748,-4.87942,-0.693868
-4.87942,-0.693868,-4.87903,-0.694988
-4.87903,-0.694988,-4.87864,-0.696108
-4.87864,-0.696108,-4.87825,-0.697229
-4.87825,-0.697229,-4.87786,-0.698351
-4.87786,-0.698351,-4.87747,-0.699472
-4.87747,-0.699472,-4.87707,-0.700594
-4.87707,-0.700594,-4.87668,-0.701717
-4.87668,-0.701717,-4.87629,-0.70284
-4.87629,-0.70284,-4.87589,-0.703963
-4.87589,-0.703963,-4.87549,-0.705087
-4.87549,-0.705087,-4.8751,-0.706211
-4.8751,-0.706211,-4.8747,-0.707335
-4.8747,-0.707335,-4.8743,-0.70846
-4.8743,-0.70846,-4.8739,-0.709585
-4.8739,-0.709585,-4.8735,-0.710711
-4.8735,-0.710711,-4.8731,-0.711837
-4.8731,-0.711837,-4.8727,-0.712963
-4.8727,-0.712963,-4.8723,-0.71409
-4.8723,-0.71409,-4.87189,-0.715217
-4.87189,-0.715217,-4.87149,-0.716345
-4.87149,-0.716345,-4.87108,-0.717473
-4.87108,-0.717473,-4.87068,-0.718602
-4.87068,-0.718602,-4.87027,-0.71973
-4.87027,-0.71973,-4.86986,-0.72086
-4.86986,-0.72086,-4.86946,-0.721989
-4.86946,-0.721989,-4.86905,-0.723119
-4.86905,-0.723119,-4.86864,-0.72425
-4.86864,-0.72425,-4.86823,-0.725381
-4.86823,-0.725381,-4.86782,-0.726512
-4.86782,-0.726512,-4.8674,-0.727644
-4.8674,-0.727644,-4.86699,-0.728776
-4.86699,-0.728776,-4.86658,-0.729908
-4.86658,-0.729908,-4.86616,-0.731041
-4.86616,-0.731041,-4.86575,-0.732175
-4.86575,-0.732175,-4.86533,-0.733309
-4.86533,-0.733309,-4.86492,-0.734443
-4.86492,-0.734443,-4.8645,-0.735577
-4.8645,-0.735577,-4.86408,-0.736712
-4.86408,-0.736712,-4.86366,-0.737848
-4.86366,-0.737848,-4.86324,-0.738984
-4.86324,-0.738984,-4.86282,-0.74012
-4.86282,-0.74012,-4.8624,-0.741257
-4.8624,-0.741257,-4.86198,-0.742394
-4.86198,-0.742394,-4.86155,-0.743531
-4.86155,-0.743531,-4.86113,-0.744669
-4.86113,-0.744669,-4.8607,-0.745808
-4.8607,-0.745808,-4.86028,-0.746946
-4.86028,-0.746946,-4.85985,-0.748086
-4.85985,-0.748086,-4.85943,-0.749225
-4.85943,-0.749225,-4.859,-0.750365
-4.859,-0.750365,-4.85857,-0.751506
-4.85857,-0.751506,-4.85814,-0.752647
-4.85814,-0.752647,-4.85771,-0.753788
-4.85771,-0.753788,-4.85728,-0.75493
-4.85728,-0.75493,-4.85685,-0.756072
-4.85685,-0.756072,-4.85641,-0.757215
-4.85641,-0.757215,-4.85598,-0.758358
-4.85598,-0.758358,-4.85555,-0.759501
-4.85555,-0.759501,-4.85511,-0.760645
-4.85511,-0.760645,-4.85467,-0.76179
-4.85467,-0.76179,-4.85424,-0.762935
-4.85424,-0.762935,-4.8538,-0.76408
-4.8538,-0.76408,-4.85336,-0.765226
-4.85336,-0.765226,-4.85292,-0.766372
-4.85292,-0.766372,-4.85248,-0.767518
-4.85248,-0.767518,-4.85204,-0.768665
-4.85204,-0.768665,-4.8516,-0.769813
-4.8516,-0.769813,-4.85116,-0.770961
-4.85116,-0.770961,-4.85071,-0.772109
-4.85071,-0.772109,-4.85027,-0.773258
-4.85027,-0.773258,-4.84982,-0.774407
-4.84982,-0.774407,-4.84938,-0.775557
-4.84938,-0.775557,-4.84893,-0.776707
-4.84893,-0.776707,-4.84848,-0.777857
-4.84848,-0.777857,-4.84803,-0.779008
-4.84803,-0.779008,-4.84758,-0.78016
-4.84758,-0.78016,-4.84713,-0.781311
-4.84713,-0.781311,-4.84668,-0.782464
-4.84668,-0.782464,-4.84623,-0.783617
-4.84623,-0.783617,-4.84578,-0.78477
-4.84578,-0.78477,-4.84532,-0.785924
-4.84532,-0.785924,-4.84487,-0.787078
-4.84487,-0.787078,-4.84441,-0.788232
-4.84441,-0.788232,-4.84396,-0.789387
-4.84396,-0.789387,-4.8435,-0.790543
-4.8435,-0.790543,-4.84304,-0.791699
-4.84304,-0.791699,-4.84258,-0.792855
-4.84258,-0.792855,-4.84213,-0.794012
-4.84213,-0.794012,-4.84166,-0.795169
-4.84166,-0.795169,-4.8412,-0.796327
-4.8412,-0.796327,-4.84074,-0.797485
-4.84074,-0.797485,-4.84028,-0.798644
-4.84028,-0.798644,-4.83981,-0.799803
-4.83981,-0.799803,-4.83935,-0.800963
-4.83935,-0.800963,-4.83888,-0.802123
-4.83888,-0.802123,-4.83842,-0.803284
-4.83842,-0.803284,-4.83795,-0.804445
-4.83795,-0.804445,-4.83748,-0.805606
-4.83748,-0.805606,-4.83701,-0.806768
-4.83701,-0.806768,-4.83654,-0.807931
-4.83654,-0.807931,-4.83607,-0.809093
-4.83607,-0.809093,-4.8356,-0.810257
-4.8356,-0.810257,-4.83513,-0.811421
-4.83513,-0.811421,-4.83466,-0.812585
-4.83466,-0.812585,-4.83418,-0.81375
-4.83418,-0.81375,-4.83371,-0.814915
-4.83371,-0.814915,-4.83323,-0.816081
-4.83323,-0.816081,-4.83275,-0.817247
-4.83275,-0.817247,-4.83228,-0.818414
-4.83228,-0.818414,-4.8318,-0.819581
-4.8318,-0.819581,-4.83132,-0.820748
-4.83132,-0.820748,-4.83084,-0.821916
-4.83084,-0.821916,-4.83036,-0.823085
-4.83036,-0.823085,-4.82988,-0.824254
-4.82988,-0.824254,-4.82939,-0.825424
-4.82939,-0.825424,-4.82891,-0.826594
-4.82891,-0.826594,-4.82842,-0.827764
-4.82842,-0.827764,-4.82794,-0.828935
-4.82794,-0.828935,-4.82745,-0.830107
-4.82745,-0.830107,-4.82696,-0.831279
-4.82696,-0.831279,-4.82648,-0.832451
-4.82648,-0.832451,-4.82599,-0.833624
-4.82599,-0.833624,-4.8255,-0.834798
-4.8255,-0.834798,-4.82501,-0.835971
-4.82501,-0.835971,-4.82451,-0.837146
-4.82451,-0.837146,-4.82402,-0.838321
-4.82402,-0.838321,-4.82353,-0.839496
-4.82353,-0.839496,-4.82303,-0.840672
-4.82303,-0.840672,-4.82254,-0.841848
-4.82254,-0.841848,-4.82204,-0.843025
-4.82204,-0.843025,-4.82154,-0.844203
-4.82154,-0.844203,-4.82105,-0.84538
-4.82105,-0.84538,-4.82055,-0.846559
-4.82055,-0.846559,-4.82005,-0.847738
-4.82005,-0.847738,-4.81955,-0.848917
-4.81955,-0.848917,-4.81904,-0.850097
-4.81904,-0.850097,-4.81854,-0.851277
-4.81854,-0.851277,-4.81804,-0.852458
-4.81804,-0.852458,-4.81753,-0.853639
-4.81753,-0.853639,-4.81703,-0.854821
-4.81703,-0.854821,-4.81652,-0.856004
-4.81652,-0.856004,-4.81601,-0.857187
-4.81601,-0.857187,-4.81551,-0.85837
-4.81551,-0.85837,-4.815,-0.859554
-4.815,-0.859554,-4.81449,-0.860738
-4.81449,-0.860738,-4.81398,-0.861923
-4.81398,-0.861923,-4.81346,-0.863108
-4.81346,-0.863108,-4.81295,-0.864294
-4.81295,-0.864294,-4.81244,-0.865481
-4.81244,-0.865481,-4.81192,-0.866668
-4.81192,-0.866668,-4.81141,-0.867855
-4.81141,-0.867855,-4.81089,-0.869043
-4.81089,-0.869043,-4.81037,-0.870232
-4.81037,-0.870232,-4.80986,-0.871421
-4.80986,-0.871421,-4.80934,-0.87261
-4.80934,-0.87261,-4.80882,-0.8738
-4.80882,-0.8738,-4.80829,-0.874991
-4.80829,-0.874991,-4.80777,-0.876182
-4.80777,-0.876182,-4.80725,-0.877373
-4.80725,-0.877373,-4.80673,-0.878565
-4.80673,-0.878565,-4.8062,-0.879758
-4.8062,-0.879758,-4.80567,-0.880951
-4.80567,-0.880951,-4.80515,-0.882145
-4.80515,-0.882145,-4.80462,-0.883339
-4.80462,-0.883339,-4.80409,-0.884534
-4.80409,-0.884534,-4.80356,-0.885729
-4.80356,-0.885729,-4.80303,-0.886925
-4.80303,-0.886925,-4.8025,-0.888121
-4.8025,-0.888121,-4.80197,-0.889318
-4.80197,-0.889318,-4.80143,-0.890516
-4.80143,-0.890516,-4.8009,-0.891713
-4.8009,-0.891713,-4.80036,-0.892912
-4.80036,-0.892912,-4.79983,-0.894111
-4.79983,-0.894111,-4.79929,-0.89531
-4.79929,-0.89531,-4.79875,-0.89651
-4.79875,-0.89651,-4.79821,-0.897711
-4.79821,-0.897711,-4.79767,-0.898912
-4.79767,-0.898912,-4.79713,-0.900114
-4.79713,-0.900114,-4.79659,-0.901316
-4.79659,-0.901316,-4.79605,-0.902519
-4.79605,-0.902519,-4.7955,-0.903722
-4.7955,-0.903722,-4.79496,-0.904926
-4.79496,-0.904926,-4.79441,-0.90613
-4.79441,-0.90613,-4.79386,-0.907335
-4.79386,-0.907335,-4.79332,-0.908541
-4.79332,-0.908541,-4.79277,-0.909747
-4.79277,-0.909747,-4.79222,-0.910953
-4.79222,-0.910953,-4.79167,-0.91216
-4.79167,-0.91216,-4.79111,-0.913368
-4.79111,-0.913368,-4.79056,-0.914576
-4.79056,-0.914576,-4.79001,-0.915785
-4.79001,-0.915785,-4.78945,-0.916994
-4.78945,-0.916994,-4.7889,-0.918204
-4.7889,-0.918204,-4.78834,-0.919414
-4.78834,-0.919414,-4.78778,-0.920625
-4.78778,-0.920625,-4.78722,-0.921837
-4.78722,-0.921837,-4.78666,-0.923049
-4.78666,-0.923049,-4.7861,-0.924262
-4.7861,-0.924262,-4.78554,-0.925475
-4.78554,-0.925475,-4.78498,-0.926689
-4.78498,-0.926689,-4.78442,-0.927903
-4.78442,-0.927903,-4.78385,-0.929118
-4.78385,-0.929118,-4.78329,-0.930333
-4.78329,-0.930333,-4.78272,-0.931549
-4.78272,-0.931549,-4.78215,-0.932766
-4.78215,-0.932766,-4.78158,-0.933983
-4.78158,-0.933983,-4.78101,-0.935201
-4.78101,-0.935201,-4.78044,-0.936419
-4.78044,-0.936419,-4.77987,-0.937638
-4.77987,-0.937638,-4.7793,-0.938857
-4.7793,-0.938857,-4.77872,-0.940077
-4.77872,-0.940077,-4.77815,-0.941298
-4.77815,-0.941298,-4.77757,-0.942519
-4.77757,-0.942519,-4.777,-0.943741
-4.777,-0.943741,-4.77642,-0.944963
-4.77642,-0.944963,-4.77584,-0.946186
-4.77584,-0.946186,-4.77526,-0.947409
-4.77526,-0.947409,-4.77468,-0.948633
-4.77468,-0.948633,-4.7741,-0.949858
-4.7741,-0.949858,-4.77351,-0.951083
-4.77351,-0.951083,-4.77293,-0.952309
-4.77293,-0.952309,-4.77234,-0.953535
-4.77234,-0.953535,-4.77176,-0.954762
-4.77176,-0.954762,-4.77117,-0.95599
-4.77117,-0.95599,-4.77058,-0.957218
-4.77058,-0.957218,-4.76999,-0.958446
-4.76999,-0.958446,-4.7694,-0.959676
-4.7694,-0.959676,-4.76881,-0.960905
-4.76881,-0.960905,-4.76822,-0.962136
-4.76822,-0.962136,-4.76763,-0.963367
-4.76763,-0.963367,-4.76703,-0.964599
-4.76703,-0.964599,-4.76644,-0.965831
-4.76644,-0.965831,-4.76584,-0.967064
-4.76584,-0.967064,-4.76524,-0.968297
-4.76524,-0.968297,-4.76464,-0.969531
-4.76464,-0.969531,-4.76404,-0.970766
-4.76404,-0.970766,-4.76344,-0.972001
-4.76344,-0.972001,-4.76284,-0.973237
-4.76284,-0.973237,-4.76224,-0.974473
-4.76224,-0.974473,-4.76163,-0.97571
-4.76163,-0.97571,-4.76103,-0.976948
-4.76103,-0.976948,-4.76042,-0.978186
-4.76042,-0.978186,-4.75982,-0.979425
-4.75982,-0.979425,-4.75921,-0.980664
-4.75921,-0.980664,-4.7586,-0.981904
-4.7586,-0.981904,-4.75799,-0.983145
-4.75799,-0.983145,-4.75738,-0.984386
-4.75738,-0.984386,-4.75677,-0.985628
-4.75677,-0.985628,-4.75615,-0.98687
-4.75615,-0.98687,-4.75554,-0.988113
-4.75554,-0.988113,-4.75492,-0.989357
-4.75492,-0.989357,-4.7543,-0.990601
-4.7543,-0.990601,-4.75369,-0.991846
-4.75369,-0.991846,-4.75307,-0.993092
-4.75307,-0.993092,-4.75245,-0.994338
-4.75245,-0.994338,-4.75183,-0.995585
-4.75183,-0.995585,-4.75121,-0.996832
-4.75121,-0.996832,-4.75058,-0.99808
-4.75058,-0.99808,-4.74996,-0.999329
-4.74996,-0.999329,-4.74933,-1.00058
-4.74933,-1.00058,-4.74871,-1.00183
-4.74871,-1.00183,-4.74808,-1.00308
-4.74808,-1.00308,-4.74745,-1.00433
-4.74745,-1.00433,-4.74682,-1.00558
-4.74682,-1.00558,-4.74619,-1.00683
-4.74619,-1.00683,-4.74556,-1.00809
-4.74556,-1.00809,-4.74492,-1.00934
-4.74492,-1.00934,-4.74429,-1.01059
-4.74429,-1.01059,-4.74365,-1.01185
-4.74365,-1.01185,-4.74302,-1.0131
-4.74302,-1.0131,-4.74238,-1.01436
-4.74238,-1.01436,-4.74174,-1.01562
-4.74174,-1.01562,-4.7411,-1.01688
-4.7411,-1.01688,-4.74046,-1.01813
-4.74046,-1.01813,-4.73982,-1.01939
-4.73982,-1.01939,-4.73918,-1.02065
-4.73918,-1.02065,-4.73853,-1.02191
-4.73853,-1.02191,-4.73789,-1.02317
-4.73789,-1.02317,-4.73724,-1.02443
-4.73724,-1.02443,-4.73659,-1.0257
-4.73659,-1.0257,-4.73594,-1.02696
-4.73594,-1.02696,-4.73529,-1.02822
-4.73529,-1.02822,-4.73464,-1.02948
-4.73464,-1.02948,-4.73399,-1.03075
-4.73399,-1.03075,-4.73334,-1.03201
-4.73334,-1.03201,-4.73268,-1.03328
-4.73268,-1.03328,-4.73203,-1.03455
-4.73203,-1.03455,-4.73137,-1.03581
-4.73137,-1.03581,-4.73071,-1.03708
-4.73071,-1.03708,-4.73005,-1.03835
-4.73005,-1.03835,-4.72939,-1.03962
-4.72939,-1.03962,-4.72873,-1.04089
-4.72873,-1.04089,-4.72807,-1.04216
-4.72807,-1.04216,-4.72741,-1.04343
-4.72741,-1.04343,-4.72674,-1.0447
-4.72674,-1.0447,-4.72607,-1.04597
-4.72607,-1.04597,-4.72541,-1.04725
-4.72541,-1.04725,-4.72474,-1.04852
-4.72474,-1.04852,-4.72407,-1.0498
-4.72407,-1.0498,-4.7234,-1.05107
-4.7234,-1.05107,-4.72273,-1.05235
-4.72273,-1.05235,-4.72205,-1.05362
-4.72205,-1.05362,-4.72138,-1.0549
-4.72138,-1.0549,-4.72071,-1.05618
-4.72071,-1.05618,-4.72003,-1.05746
-4.72003,-1.05746,-4.71935,-1.05874
-4.71935,-1.05874,-4.71867,-1.06001
-4.71867,-1.06001,-4.71799,-1.0613
-4.71799,-1.0613,-4.71731,-1.06258
-4.71731,-1.06258,-4.71663,-1.06386
-4.71663,-1.06386,-4.71595,-1.06514
-4.71595,-1.06514,-4.71526,-1.06642
-4.71526,-1.06642,-4.71457,-1.06771
-4.71457,-1.06771,-4.71389,-1.06899
-4.71389,-1.06899,-4.7132,-1.07028
-4.7132,-1.07028,-4.71251,-1.07156
-4.71251,-1.07156,-4.71182,-1.07285
-4.71182,-1.07285,-4.71113,-1.07414
-4.71113,-1.07414,-4.71043,-1.07543
-4.71043,-1.07543,-4.70974,-1.07671
-4.70974,-1.07671,-4.70904,-1.078
-4.70904,-1.078,-4.70835,-1.07929
-4.70835,-1.07929,-4.70765,-1.08058
-4.70765,-1.08058,-4.70695,-1.08188
-4.70695,-1.08188,-4.70625,-1.08317
-4.70625,-1.08317,-4.70555,-1.08446
-4.70555,-1.08446,-4.70485,-1.08575
-4.70485,-1.08575,-4.70414,-1.08705
-4.70414,-1.08705,-4.70344,-1.08834
-4.70344,-1.08834,-4.70273,-1.08964
-4.70273,-1.08964,-4.70202,-1.09093
-4.70202,-1.09093,-4.70131,-1.09223
-4.70131,-1.09223,-4.7006,-1.09353
-4.7006,-1.09353,-4.69989,-1.09483
-4.69989,-1.09483,-4.69918,-1.09613
-4.69918,-1.09613,-4.69847,-1.09743
-4.69847,-1.09743,-4.69775,-1.09873
-4.69775,-1.09873,-4.69703,-1.10003
-4.69703,-1.10003,-4.69632,-1.10133
-4.69632,-1.10133,-4.6956,-1.10263
-4.6956,-1.10263,-4.69488,-1.10394
-4.69488,-1.10394,-4.69416,-1.10524
-4.69416,-1.10524,-4.69343,-1.10655
-4.69343,-1.10655,-4.69271,-1.10785
-4.69271,-1.10785,-4.69199,-1.10916
-4.69199,-1.10916,-4.69126,-1.11047
-4.69126,-1.11047,-4.69053,-1.11177
-4.69053,-1.11177,-4.6898,-1.11308
-4.6898,-1.11308,-4.68907,-1.11439
-4.68907,-1.11439,-4.68834,-1.1157
-4.68834,-1.1157,-4.68761,-1.11701
-4.68761,-1.11701,-4.68688,-1.11832
-4.68688,-1.11832,-4.68614,-1.11963
-4.68614,-1.11963,-4.6854,-1.12095
-4.6854,-1.12095,-4.68467,-1.12226
-4.68467,-1.12226,-4.68393,-1.12358
-4.68393,-1.12358,-4.68319,-1.12489
-4.68319,-1.12489,-4.68245,-1.12621
-4.68245,-1.12621,-4.6817,-1.12752
-4.6817,-1.12752,-4.68096,-1.12884
-4.68096,-1.12884,-4.68021,-1.13016
-4.68021,-1.13016,-4.67947,-1.13148
-4.67947,-1.13148,-4.67872,-1.1328
-4.67872,-1.1328,-4.67797,-1.13412
-4.67797,-1.13412,-4.67722,-1.13544
-4.67722,-1.13544,-4.67647,-1.13676
-4.67647,-1.13676,-4.67571,-1.13808
-4.67571,-1.13808,-4.67496,-1.13941
-4.67496,-1.13941,-4.6742,-1.14073
-4.6742,-1.14073,-4.67345,-1.14205
-4.67345,-1.14205,-4.67269,-1.14338
-4.67269,-1.14338,-4.67193,-1.14471
-4.67193,-1.14471,-4.67117,-1.14603
-4.67117,-1.14603,-4.6704,-1.14736
-4.6704,-1.14736,-4.66964,-1.14869
-4.66964,-1.14869,-4.66888,-1.15002
-4.66888,-1.15002,-4.66811,-1.15135
-4.66811,-1.15135,-4.66734,-1.15268
-4.66734,-1.15268,-4.66657,-1.15401
-4.66657,-1.15401,-4.6658,-1.15534
-4.6658,-1.15534,-4.66503,-1.15668
-4.66503,-1.15668,-4.66426,-1.15801
-4.66426,-1.15801,-4.66348,-1.15935
-4.66348,-1.15935,-4.66271,-1.16068
-4.66271,-1.16068,-4.66193,-1.16202
-4.66193,-1.16202,-4.66115,-1.16335
-4.66115,-1.16335,-4.66037,-1.16469
-4.66037,-1.16469,-4.65959,-1.16603
-4.65959,-1.16603,-4.65881,-1.16737
-4.65881,-1.16737,-4.65803,-1.16871
-4.65803,-1.16871,-4.65724,-1.17005
-4.65724,-1.17005,-4.65645,-1.17139
-4.65645,-1.17139,-4.65567,-1.17273
-4.65567,-1.17273,-4.65488,-1.17408
-4.65488,-1.17408,-4.65409,-1.17542
-4.65409,-1.17542,-4.65329,-1.17677
-4.65329,-1.17677,-4.6525,-1.17811
-4.6525,-1.17811,-4.65171,-1.17946
-4.65171,-1.17946,-4.65091,-1.18081
-4.65091,-1.18081,-4.65011,-1.18215
-4.65011,-1.18215,-4.64931,-1.1835
-4.64931,-1.1835,-4.64851,-1.18485
-4.64851,-1.18485,-4.64771,-1.1862
-4.64771,-1.1862,-4.64691,-1.18755
-4.64691,-1.18755,-4.6461,-1.18891
-4.6461,-1.18891,-4.6453,-1.19026
-4.6453,-1.19026,-4.64449,-1.19161
-4.64449,-1.19161,-4.64368,-1.19297
-4.64368,-1.19297,-4.64287,-1.19432
-4.64287,-1.19432,-4.64206,-1.19568
-4.64206,-1.19568,-4.64125,-1.19703
-4.64125,-1.19703,-4.64043,-1.19839
-4.64043,-1.19839,-4.63962,-1.19975
-4.63962,-1.19975,-4.6388,-1.20111
-4.6388,-1.20111,-4.63798,-1.20247
-4.63798,-1.20247,-4.63716,-1.20383
-4.63716,-1.20383,-4.63634,-1.20519
-4.63634,-1.20519,-4.63552,-1.20656
-4.63552,-1.20656,-4.6347,-1.20792
-4.6347,-1.20792,-4.63387,-1.20928
-4.63387,-1.20928,-4.63304,-1.21065
-4.63304,-1.21065,-4.63221,-1.21201
-4.63221,-1.21201,-4.63138,-1.21338
-4.63138,-1.21338,-4.63055,-1.21475
-4.63055,-1.21475,-4.62972,-1.21612
-4.62972,-1.21612,-4.62889,-1.21748
-4.62889,-1.21748,-4.62805,-1.21885
-4.62805,-1.21885,-4.62721,-1.22023
-4.62721,-1.22023,-4.62638,-1.2216
-4.62638,-1.2216,-4.62554,-1.22297
-4.62554,-1.22297,-4.62469,-1.22434
-4.62469,-1.22434,-4.62385,-1.22572
-4.62385,-1.22572,-4.62301,-1.22709
-4.62301,-1.22709,-4.62216,-1.22847
-4.62216,-1.22847,-4.62131,-1.22984
-4.62131,-1.22984,-4.62046,-1.23122
-4.62046,-1.23122,-4.61961,-1.2326
-4.61961,-1.2326,-4.61876,-1.23398
-4.61876,-1.23398,-4.61791,-1.23536
-4.61791,-1.23536,-4.61705,-1.23674
-4.61705,-1.23674,-4.6162,-1.23812
-4.6162,-1.23812,-4.61534,-1.2395
-4.61534,-1.2395,-4.61448,-1.24089
-4.61448,-1.24089,-4.61362,-1.24227
-4.61362,-1.24227,-4.61276,-1.24366
-4.61276,-1.24366,-4.6119,-1.24504
-4.6119,-1.24504,-4.61103,-1.24643
-4.61103,-1.24643,-4.61016,-1.24782
-4.61016,-1.24782,-4.6093,-1.24921
-4.6093,-1.24921,-4.60843,-1.2506
-4.60843,-1.2506,-4.60755,-1.25199
-4.60755,-1.25199,-4.60668,-1.25338
-4.60668,-1.25338,-4.60581,-1.25477
-4.60581,-1.25477,-4.60493,-1.25616
-4.60493,-1.25616,-4.60405,-1.25756
-4.60405,-1.25756,-4.60318,-1.25895
-4.60318,-1.25895,-4.6023,-1.26035
-4.6023,-1.26035,-4.60141,-1.26174
-4.60141,-1.26174,-4.60053,-1.26314
-4.60053,-1.26314,-4.59965,-1.26454
-4.59965,-1.26454,-4.59876,-1.26594
-4.59876,-1.26594,-4.59787,-1.26734
-4.59787,-1.26734,-4.59698,-1.26874
-4.59698,-1.26874,-4.59609,-1.27014
-4.59609,-1.27014,-4.5952,-1.27154
-4.5952,-1.27154,-4.5943,-1.27295
-4.5943,-1.27295,-4.59341,-1.27435
-4.59341,-1.27435,-4.59251,-1.27576
-4.59251,-1.27576,-4.59161,-1.27716
-4.59161,-1.27716,-4.59071,-1.27857
-4.59071,-1.27857,-4.58981,-1.27998
-4.58981,-1.27998,-4.58891,-1.28139
-4.58891,-1.28139,-4.588,-1.2828
-4.588,-1.2828,-4.58709,-1.28421
-4.58709,-1.28421,-4.58619,-1.28562
-4.58619,-1.28562,-4.58528,-1.28703
-4.58528,-1.28703,-4.58436,-1.28844
-4.58436,-1.28844,-4.58345,-1.28986
-4.58345,-1.28986,-4.58254,-1.29127
-4.58254,-1.29127,-4.58162,-1.29269
-4.58162,-1.29269,-4.5807,-1.29411
-4.5807,-1.29411,-4.57978,-1.29552
-4.57978,-1.29552,-4.57886,-1.29694
-4.57886,-1.29694,-4.57794,-1.29836
-4.57794,-1.29836,-4.57702,-1.29978
-4.57702,-1.29978,-4.57609,-1.30121
-4.57609,-1.30121,-4.57516,-1.30263
-4.57516,-1.30263,-4.57423,-1.30405
-4.57423,-1.30405,-4.5733,-1.30548
-4.5733,-1.30548,-4.57237,-1.3069
-4.57237,-1.3069,-4.57144,-1.30833
-4.57144,-1.30833,-4.5705,-1.30975
-4.5705,-1.30975,-4.56956,-1.31118
-4.56956,-1.31118,-4.56862,-1.31261
-4.56862,-1.31261,-4.56768,-1.31404
-4.56768,-1.31404,-4.56674,-1.31547
-4.56674,-1.31547,-4.5658,-1.3169
-4.5658,-1.3169,-4.56485,-1.31834
-4.56485,-1.31834,-4.56391,-1.31977
-4.56391,-1.31977,-4.56296,-1.32121
-4.56296,-1.32121,-4.56201,-1.32264
-4.56201,-1.32264,-4.56105,-1.32408
-4.56105,-1.32408,-4.5601,-1.32552
-4.5601,-1.32552,-4.55915,-1.32695
-4.55915,-1.32695,-4.55819,-1.32839
-4.55819,-1.32839,-4.55723,-1.32983
-4.55723,-1.32983,-4.55627,-1.33128
-4.55627,-1.33128,-4.55531,-1.33272
-4.55531,-1.33272,-4.55434,-1.33416
-4.55434,-1.33416,-4.55338,-1.33561
-4.55338,-1.33561,-4.55241,-1.33705
-4.55241,-1.33705,-4.55144,-1.3385
-4.55144,-1.3385,-4.55047,-1.33994
-4.55047,-1.33994,-4.5495,-1.34139
-4.5495,-1.34139,-4.54853,-1.34284
-4.54853,-1.34284,-4.54755,-1.34429
-4.54755,-1.34429,-4.54657,-1.34574
-4.54657,-1.34574,-4.54559,-1.34719
-4.54559,-1.34719,-4.54461,-1.34865
-4.54461,-1.34865,-4.54363,-1.3501
-4.54363,-1.3501,-4.54265,-1.35156
-4.54265,-1.35156,-4.54166,-1.35301
-4.54166,-1.35301,-4.54067,-1.35447
-4.54067,-1.35447,-4.53968,-1.35593
-4.53968,-1.35593,-4.53869,-1.35738
-4.53869,-1.35738,-4.5377,-1.35884
-4.5377,-1.35884,-4.5367,-1.36031
-4.5367,-1.36031,-4.53571,-1.36177
-4.53571,-1.36177,-4.53471,-1.36323
-4.53471,-1.36323,-4.53371,-1.36469
-4.53371,-1.36469,-4.53271,-1.36616
-4.53271,-1.36616,-4.5317,-1.36762
-4.5317,-1.36762,-4.5307,-1.36909
-4.5307,-1.36909,-4.52969,-1.37056
-4.52969,-1.37056,-4.52868,-1.37203
-4.52868,-1.37203,-4.52767,-1.3735
-4.52767,-1.3735,-4.52666,-1.37497
-4.52666,-1.37497,-4.52565,-1.37644
-4.52565,-1.37644,-4.52463,-1.37791
-4.52463,-1.37791,-4.52361,-1.37939
-4.52361,-1.37939,-4.52259,-1.38086
-4.52259,-1.38086,-4.52157,-1.38234
-4.52157,-1.38234,-4.52055,-1.38381
-4.52055,-1.38381,-4.51953,-1.38529
-4.51953,-1.38529,-4.5185,-1.38677
-4.5185,-1.38677,-4.51747,-1.38825
-4.51747,-1.38825,-4.51644,-1.38973
-4.51644,-1.38973,-4.51541,-1.39121
-4.51541,-1.39121,-4.51437,-1.3927
-4.51437,-1.3927,-4.51334,-1.39418
-4.51334,-1.39418,-4.5123,-1.39567
-4.5123,-1.39567,-4.51126,-1.39715
-4.51126,-1.39715,-4.51022,-1.39864
-4.51022,-1.39864,-4.50918,-1.40013
-4.50918,-1.40013,-4.50813,-1.40162
-4.50813,-1.40162,-4.50709,-1.40311
-4.50709,-1.40311,-4.50604,-1.4046
-4.50604,-1.4046,-4.50499,-1.40609
-4.50499,-1.40609,-4.50393,-1.40758
-4.50393,-1.40758,-4.50288,-1.40908
-4.50288,-1.40908,-4.50182,-1.41057
-4.50182,-1.41057,-4.50077,-1.41207
-4.50077,-1.41207,-4.49971,-1.41357
-4.49971,-1.41357,-4.49865,-1.41507
-4.49865,-1.41507,-4.49758,-1.41657
-4.49758,-1.41657,-4.49652,-1.41807
-4.49652,-1.41807,-4.49545,-1.41957
-4.49545,-1.41957,-4.49438,-1.42107
-4.49438,-1.42107,-4.49331,-1.42258
-4.49331,-1.42258,-4.49224,-1.42408
-4.49224,-1.42408,-4.49116,-1.42559
-4.49116,-1.42559,-4.49009,-1.42709
-4.49009,-1.42709,-4.48901,-1.4286
-4.48901,-1.4286,-4.48793,-1.43011
-4.48793,-1.43011,-4.48684,-1.43162
-4.48684,-1.43162,-4.48576,-1.43313
-4.48576,-1.43313,-4.48467,-1.43465
-4.48467,-1.43465,-4.48358,-1.43616
-4.48358,-1.43616,-4.48249,-1.43767
-4.48249,-1.43767,-4.4814,-1.43919
-4.4814,-1.43919,-4.48031,-1.44071
-4.48031,-1.44071,-4.47921,-1.44222
-4.47921,-1.44222,-4.47811,-1.44374
-4.47811,-1.44374,-4.47702,-1.44526
-4.47702,-1.44526,-4.47591,-1.44678
-4.47591,-1.44678,-4.47481,-1.44831
-4.47481,-1.44831,-4.4737,-1.44983
-4.4737,-1.44983,-4.4726,-1.45136
-4.4726,-1.45136,-4.47149,-1.45288
-4.47149,-1.45288,-4.47038,-1.45441
-4.47038,-1.45441,-4.46926,-1.45594
-4.46926,-1.45594,-4.46815,-1.45746
-4.46815,-1.45746,-4.46703,-1.45899
-4.46703,-1.45899,-4.46591,-1.46053
-4.46591,-1.46053,-4.46479,-1.46206
-4.46479,-1.46206,-4.46366,-1.46359
-4.46366,-1.46359,-4.46254,-1.46513
-4.46254,-1.46513,-4.46141,-1.46666
-4.46141,-1.46666,-4.46028,-1.4682
-4.46028,-1.4682,-4.45915,-1.46974
-4.45915,-1.46974,-4.45802,-1.47128
-4.45802,-1.47128,-4.45688,-1.47282
-4.45688,-1.47282,-4.45574,-1.47436
-4.45574,-1.47436,-4.4546,-1.4759
-4.4546,-1.4759,-4.45346,-1.47744
-4.45346,-1.47744,-4.45232,-1.47899
-4.45232,-1.47899,-4.45117,-1.48053
-4.45117,-1.48053,-4.45002,-1.48208
-4.45002,-1.48208,-4.44887,-1.48363
-4.44887,-1.48363,-4.44772,-1.48518
-4.44772,-1.48518,-4.44657,-1.48673
-4.44657,-1.48673,-4.44541,-1.48828
-4.44541,-1.48828,-4.44425,-1.48983
-4.44425,-1.48983,-4.44309,-1.49139
-4.44309,-1.49139,-4.44193,-1.49294
-4.44193,-1.49294,-4.44077,-1.4945
-4.44077,-1.4945,-4.4396,-1.49605
-4.4396,-1.49605,-4.43843,-1.49761
-4.43843,-1.49761,-4.43726,-1.49917
-4.43726,-1.49917,-4.43609,-1.50073
-4.43609,-1.50073,-4.43491,-1.5023
-4.43491,-1.5023,-4.43374,-1.50386
-4.43374,-1.50386,-4.43256,-1.50542
-4.43256,-1.50542,-4.43138,-1.50699
-4.43138,-1.50699,-4.43019,-1.50856
-4.43019,-1.50856,-4.42901,-1.51012
-4.42901,-1.51012,-4.42782,-1.51169
-4.42782,-1.51169,-4.42663,-1.51326
-4.42663,-1.51326,-4.42544,-1.51483
-4.42544,-1.51483,-4.42425,-1.51641
-4.42425,-1.51641,-4.42305,-1.51798
-4.42305,-1.51798,-4.42185,-1.51956
-4.42185,-1.51956,-4.42065,-1.52113
-4.42065,-1.52113,-4.41945,-1.52271
-4.41945,-1.52271,-4.41824,-1.52429
-4.41824,-1.52429,-4.41704,-1.52587
-4.41704,-1.52587,-4.41583,-1.52745
-4.41583,-1.52745,-4.41462,-1.52903
-4.41462,-1.52903,-4.4134,-1.53061
-4.4134,-1.53061,-4.41219,-1.5322
-4.41219,-1.5322,-4.41097,-1.53378
-4.41097,-1.53378,-4.40975,-1.53537
-4.40975,-1.53537,-4.40853,-1.53696
-4.40853,-1.53696,-4.4073,-1.53855
-4.4073,-1.53855,-4.40608,-1.54014
-4.40608,-1.54014,-4.40485,-1.54173
-4.40485,-1.54173,-4.40362,-1.54332
-4.40362,-1.54332,-4.40239,-1.54492
-4.40239,-1.54492,-4.40115,-1.54651
-4.40115,-1.54651,-4.39991,-1.54811
-4.39991,-1.54811,-4.39867,-1.54971
-4.39867,-1.54971,-4.39743,-1.55131
-4.39743,-1.55131,-4.39619,-1.55291
-4.39619,-1.55291,-4.39494,-1.55451
-4.39494,-1.55451,-4.39369,-1.55611
-4.39369,-1.55611,-4.39244,-1.55772
-4.39244,-1.55772,-4.39119,-1.55932
-4.39119,-1.55932,-4.38993,-1.56093
-4.38993,-1.56093,-4.38867,-1.56254
-4.38867,-1.56254,-4.38741,-1.56415
-4.38741,-1.56415,-4.38615,-1.56576
-4.38615,-1.56576,-4.38488,-1.56737
-4.38488,-1.56737,-4.38362,-1.56898
-4.38362,-1.56898,-4.38235,-1.5706
-4.38235,-1.5706,-4.38108,-1.57221
-4.38108,-1.57221,-4.3798,-1.57383
-4.3798,-1.57383,-4.37853,-1.57545
-4.37853,-1.57545,-4.37725,-1.57707
-4.37725,-1.57707,-4.37597,-1.57869
-4.37597,-1.57869,-4.37468,-1.58031
-4.37468,-1.58031,-4.3734,-1.58193
-4.3734,-1.58193,-4.37211,-1.58356
-4.37211,-1.58356,-4.37082,-1.58518
-4.37082,-1.58518,-4.36953,-1.58681
-4.36953,-1.58681,-4.36823,-1.58844
-4.36823,-1.58844,-4.36693,-1.59007
-4.36693,-1.59007,-4.36563,-1.5917
-4.36563,-1.5917,-4.36433,-1.59333
-4.36433,-1.59333,-4.36303,-1.59496
-4.36303,-1.59496,-4.36172,-1.5966
-4.36172,-1.5966,-4.36041,-1.59823
-4.36041,-1.59823,-4.3591,-1.59987
-4.3591,-1.59987,-4.35779,-1.60151
-4.35779,-1.60151,-4.35647,-1.60315
-4.35647,-1.60315,-4.35515,-1.60479
-4.35515,-1.60479,-4.35383,-1.60643
-4.35383,-1.60643,-4.35251,-1.60808
-4.35251,-1.60808,-4.35118,-1.60972
-4.35118,-1.60972,-4.34985,-1.61137
-4.34985,-1.61137,-4.34852,-1.61302
-4.34852,-1.61302,-4.34719,-1.61466
-4.34719,-1.61466,-4.34585,-1.61632
-4.34585,-1.61632,-4.34451,-1.61797
-4.34451,-1.61797,-4.34317,-1.61962
-4.34317,-1.61962,-4.34183,-1.62127
-4.34183,-1.62127,-4.34048,-1.62293
-4.34048,-1.62293,-4.33914,-1.62459
-4.33914,-1.62459,-4.33778,-1.62625
-4.33778,-1.62625,-4.33643,-1.62791
-4.33643,-1.62791,-4.33508,-1.62957
-4.33508,-1.62957,-4.33372,-1.63123
-4.33372,-1.63123,-4.33236,-1.63289
-4.33236,-1.63289,-4.33099,-1.63456
-4.33099,-1.63456,-4.32963,-1.63623
-4.32963,-1.63623,-4.32826,-1.63789
-4.32826,-1.63789,-4.32689,-1.63956
-4.32689,-1.63956,-4.32552,-1.64123
-4.32552,-1.64123,-4.32414,-1.64291
-4.32414,-1.64291,-4.32276,-1.64458
-4.32276,-1.64458,-4.32138,-1.64625
-4.32138,-1.64625,-4.32,-1.64793
-4.32,-1.64793,-4.31861,-1.64961
-4.31861,-1.64961,-4.31723,-1.65129
-4.31723,-1.65129,-4.31584,-1.65297
-4.31584,-1.65297,-4.31444,-1.65465
-4.31444,-1.65465,-4.31305,-1.65633
-4.31305,-1.65633,-4.31165,-1.65802
-4.31165,-1.65802,-4.31025,-1.6597
-4.31025,-1.6597,-4.30884,-1.66139
-4.30884,-1.66139,-4.30744,-1.66308
-4.30744,-1.66308,-4.30603,-1.66477
-4.30603,-1.66477,-4.30462,-1.66646
-4.30462,-1.66646,-4.3032,-1.66815
-4.3032,-1.66815,-4.30178,-1.66985
-4.30178,-1.66985,-4.30037,-1.67154
-4.30037,-1.67154,-4.29894,-1.67324
-4.29894,-1.67324,-4.29752,-1.67494
-4.29752,-1.67494,-4.29609,-1.67664
-4.29609,-1.67664,-4.29466,-1.67834
-4.29466,-1.67834,-4.29323,-1.68004
-4.29323,-1.68004,-4.29179,-1.68174
-4.29179,-1.68174,-4.29036,-1.68345
-4.29036,-1.68345,-4.28892,-1.68516
-4.28892,-1.68516,-4.28747,-1.68687
-4.28747,-1.68687,-4.28603,-1.68858
-4.28603,-1.68858,-4.28458,-1.69029
-4.28458,-1.69029,-4.28313,-1.692
-4.28313,-1.692,-4.28167,-1.69371
-4.28167,-1.69371,-4.28022,-1.69543
-4.28022,-1.69543,-4.27876,-1.69715
-4.27876,-1.69715,-4.27729,-1.69887
-4.27729,-1.69887,-4.27583,-1.70059
-4.27583,-1.70059,-4.27436,-1.70231
-4.27436,-1.70231,-4.27289,-1.70403
-4.27289,-1.70403,-4.27142,-1.70575
-4.27142,-1.70575,-4.26994,-1.70748
-4.26994,-1.70748,-4.26846,-1.70921
-4.26846,-1.70921,-4.26698,-1.71094
-4.26698,-1.71094,-4.2655,-1.71267
-4.2655,-1.71267,-4.26401,-1.7144
-4.26401,-1.7144,-4.26252,-1.71613
-4.26252,-1.71613,-4.26103,-1.71787
-4.26103,-1.71787,-4.25953,-1.7196
-4.25953,-1.7196,-4.25804,-1.72134
-4.25804,-1.72134,-4.25654,-1.72308
-4.25654,-1.72308,-4.25503,-1.72482
-4.25503,-1.72482,-4.25353,-1.72656
-4.25353,-1.72656,-4.25202,-1.7283
-4.25202,-1.7283,-4.2505,-1.73005
-4.2505,-1.73005,-4.24899,-1.7318
-4.24899,-1.7318,-4.24747,-1.73354
-4.24747,-1.73354,-4.24595,-1.73529
-4.24595,-1.73529,-4.24443,-1.73705
-4.24443,-1.73705,-4.2429,-1.7388
-4.2429,-1.7388,-4.24137,-1.74055
-4.24137,-1.74055,-4.23984,-1.74231
-4.23984,-1.74231,-4.2383,-1.74407
-4.2383,-1.74407,-4.23677,-1.74582
-4.23677,-1.74582,-4.23523,-1.74758
-4.23523,-1.74758,-4.23368,-1.74935
-4.23368,-1.74935,-4.23214,-1.75111
-4.23214,-1.75111,-4.23059,-1.75287
-4.23059,-1.75287,-4.22903,-1.75464
-4.22903,-1.75464,-4.22748,-1.75641
-4.22748,-1.75641,-4.22592,-1.75818
-4.22592,-1.75818,-4.22436,-1.75995
-4.22436,-1.75995,-4.22279,-1.76172
-4.22279,-1.76172,-4.22123,-1.7635
-4.22123,-1.7635,-4.21966,-1.76527
-4.21966,-1.76527,-4.21808,-1.76705
-4.21808,-1.76705,-4.21651,-1.76883
-4.21651,-1.76883,-4.21493,-1.77061
-4.21493,-1.77061,-4.21335,-1.77239
-4.21335,-1.77239,-4.21176,-1.77417
-4.21176,-1.77417,-4.21017,-1.77596
-4.21017,-1.77596,-4.20858,-1.77775
-4.20858,-1.77775,-4.20699,-1.77953
-4.20699,-1.77953,-4.20539,-1.78132
-4.20539,-1.78132,-4.20379,-1.78312
-4.20379,-1.78312,-4.20219,-1.78491
-4.20219,-1.78491,-4.20058,-1.7867
-4.20058,-1.7867,-4.19897,-1.7885
-4.19897,-1.7885,-4.19736,-1.7903
-4.19736,-1.7903,-4.19575,-1.7921
-4.19575,-1.7921,-4.19413,-1.7939
-4.19413,-1.7939,-4.19251,-1.7957
-4.19251,-1.7957,-4.19088,-1.7975
-4.19088,-1.7975,-4.18925,-1.79931
-4.18925,-1.79931,-4.18762,-1.80112
-4.18762,-1.80112,-4.18599,-1.80293
-4.18599,-1.80293,-4.18435,-1.80474
-4.18435,-1.80474,-4.18271,-1.80655
-4.18271,-1.80655,-4.18107,-1.80836
-4.18107,-1.80836,-4.17942,-1.81018
-4.17942,-1.81018,-4.17777,-1.812
-4.17777,-1.812,-4.17612,-1.81382
-4.17612,-1.81382,-4.17447,-1.81564
-4.17447,-1.81564,-4.17281,-1.81746
-4.17281,-1.81746,-4.17114,-1.81928
-4.17114,-1.81928,-4.16948,-1.82111
-4.16948,-1.82111,-4.16781,-1.82294
-4.16781,-1.82294,-4.16614,-1.82476
-4.16614,-1.82476,-4.16446,-1.82659
-4.16446,-1.82659,-4.16279,-1.82843
-4.16279,-1.82843,-4.1611,-1.83026
-4.1611,-1.83026,-4.15942,-1.8321
-4.15942,-1.8321,-4.15773,-1.83393
-4.15773,-1.83393,-4.15604,-1.83577
-4.15604,-1.83577,-4.15435,-1.83761
-4.15435,-1.83761,-4.15265,-1.83945
-4.15265,-1.83945,-4.15095,-1.8413
-4.15095,-1.8413,-4.14924,-1.84314
-4.14924,-1.84314,-4.14754,-1.84499
-4.14754,-1.84499,-4.14583,-1.84684
-4.14583,-1.84684,-4.14411,-1.84869
-4.14411,-1.84869,-4.14239,-1.85054
-4.14239,-1.85054,-4.14067,-1.8524
-4.14067,-1.8524,-4.13895,-1.85425
-4.13895,-1.85425,-4.13722,-1.85611
-4.13722,-1.85611,-4.13549,-1.85797
-4.13549,-1.85797,-4.13376,-1.85983
-4.13376,-1.85983,-4.13202,-1.86169
-4.13202,-1.86169,-4.13028,-1.86356
-4.13028,-1.86356,-4.12854,-1.86542
-4.12854,-1.86542,-4.12679,-1.86729
-4.12679,-1.86729,-4.12504,-1.86916
-4.12504,-1.86916,-4.12328,-1.87103
-4.12328,-1.87103,-4.12153,-1.8729
-4.12153,-1.8729,-4.11977,-1.87478
-4.11977,-1.87478,-4.118,-1.87666
-4.118,-1.87666,-4.11623,-1.87853
-4.11623,-1.87853,-4.11446,-1.88041
-4.11446,-1.88041,-4.11269,-1.8823
-4.11269,-1.8823,-4.11091,-1.88418
-4.11091,-1.88418,-4.10913,-1.88606
-4.10913,-1.88606,-4.10734,-1.88795
-4.10734,-1.88795,-4.10556,-1.88984
-4.10556,-1.88984,-4.10376,-1.89173
-4.10376,-1.89173,-4.10197,-1.89362
-4.10197,-1.89362,-4.10017,-1.89552
-4.10017,-1.89552,-4.09837,-1.89741
-4.09837,-1.89741,-4.09656,-1.89931
-4.09656,-1.89931,-4.09475,-1.90121
-4.09475,-1.90121,-4.09294,-1.90311
-4.09294,-1.90311,-4.09112,-1.90502
-4.09112,-1.90502,-4.0893,-1.90692
-4.0893,-1.90692,-4.08748,-1.90883
-4.08748,-1.90883,-4.08565,-1.91074
-4.08565,-1.91074,-4.08382,-1.91265
-4.08382,-1.91265,-4.08199,-1.91456
-4.08199,-1.91456,-4.08015,-1.91647
-4.08015,-1.91647,-4.07831,-1.91839
-4.07831,-1.91839,-4.07646,-1.92031
-4.07646,-1.92031,-4.07461,-1.92223
-4.07461,-1.92223,-4.07276,-1.92415
-4.07276,-1.92415,-4.0709,-1.92607
-4.0709,-1.92607,-4.06904,-1.92799
-4.06904,-1.92799,-4.06718,-1.92992
-4.06718,-1.92992,-4.06531,-1.93185
-4.06531,-1.93185,-4.06344,-1.93378
-4.06344,-1.93378,-4.06157,-1.93571
-4.06157,-1.93571,-4.05969,-1.93765
-4.05969,-1.93765,-4.05781,-1.93958
-4.05781,-1.93958,-4.05592,-1.94152
-4.05592,-1.94152,-4.05404,-1.94346
-4.05404,-1.94346,-4.05214,-1.9454
-4.05214,-1.9454,-4.05025,-1.94735
-4.05025,-1.94735,-4.04835,-1.94929
-4.04835,-1.94929,-4.04644,-1.95124
-4.04644,-1.95124,-4.04453,-1.95319
-4.04453,-1.95319,-4.04262,-1.95514
-4.04262,-1.95514,-4.04071,-1.95709
-4.04071,-1.95709,-4.03879,-1.95905
-4.03879,-1.95905,-4.03686,-1.961
-4.03686,-1.961,-4.03494,-1.96296
-4.03494,-1.96296,-4.03301,-1.96492
-4.03301,-1.96492,-4.03107,-1.96689
-4.03107,-1.96689,-4.02913,-1.96885
-4.02913,-1.96885,-4.02719,-1.97082
-4.02719,-1.97082,-4.02525,-1.97279
-4.02525,-1.97279,-4.0233,-1.97476
-4.0233,-1.97476,-4.02134,-1.97673
-4.02134,-1.97673,-4.01938,-1.9787
-4.01938,-1.9787,-4.01742,-1.98068
-4.01742,-1.98068,-4.01546,-1.98266
-4.01546,-1.98266,-4.01349,-1.98464
-4.01349,-1.98464,-4.01152,-1.98662
-4.01152,-1.98662,-4.00954,-1.9886
-4.00954,-1.9886,-4.00756,-1.99059
-4.00756,-1.99059,-4.00557,-1.99258
-4.00557,-1.99258,-4.00358,-1.99457
-4.00358,-1.99457,-4.00159,-1.99656
-4.00159,-1.99656,-3.99959,-1.99855
